bin,lower_inclusive,upper,n,mean_probability,observed_negative_fraction
0,0.0,0.1,7323,0.09013213060985861,0.0876689881196231
1,0.1,0.2,9268,0.13312014238649458,0.13649115235217954
2,0.2,0.3,1872,0.24207346017401568,0.2403846153846154
3,0.3,0.4,727,0.34262197263101074,0.3466299862448418
4,0.4,0.5,250,0.4403494607638838,0.368
5,0.5,0.6,129,0.5406539668720185,0.49612403100775193
6,0.6,0.7,38,0.6446696505770708,0.7368421052631579
7,0.7,0.8,83,0.7628427983160015,0.891566265060241
8,0.8,0.9,35,0.8451383340263224,0.8857142857142857
9,0.9,1.0,10,0.9114626527326866,0.9
