task,fold,block,repeat,n,sample_order_ids_sha256,primary_metric,unpermuted_score,permuted_score,degradation
regression,0,basket,0,2500,ddacdb8a7231640ff0036e41664aba6afb20dfbc925f69a2bbf0b4d5b2871fe1,mae,4.759446394479856,4.777591894109576,0.018145499629719453
regression,0,basket,1,2500,ddacdb8a7231640ff0036e41664aba6afb20dfbc925f69a2bbf0b4d5b2871fe1,mae,4.759446394479856,4.772123682982112,0.012677288502255912
regression,0,basket,2,2500,ddacdb8a7231640ff0036e41664aba6afb20dfbc925f69a2bbf0b4d5b2871fe1,mae,4.759446394479856,4.769678728138567,0.01023233365871068
regression,0,financial,0,2500,ddacdb8a7231640ff0036e41664aba6afb20dfbc925f69a2bbf0b4d5b2871fe1,mae,4.759446394479856,4.928752828001581,0.16930643352172492
regression,0,financial,1,2500,ddacdb8a7231640ff0036e41664aba6afb20dfbc925f69a2bbf0b4d5b2871fe1,mae,4.759446394479856,4.927736391853482,0.16828999737362516
regression,0,financial,2,2500,ddacdb8a7231640ff0036e41664aba6afb20dfbc925f69a2bbf0b4d5b2871fe1,mae,4.759446394479856,4.955603591934369,0.19615719745451266
regression,0,physical,0,2500,ddacdb8a7231640ff0036e41664aba6afb20dfbc925f69a2bbf0b4d5b2871fe1,mae,4.759446394479856,4.829785268080559,0.07033887360070246
regression,0,physical,1,2500,ddacdb8a7231640ff0036e41664aba6afb20dfbc925f69a2bbf0b4d5b2871fe1,mae,4.759446394479856,4.8379003465484445,0.07845395206858807
regression,0,physical,2,2500,ddacdb8a7231640ff0036e41664aba6afb20dfbc925f69a2bbf0b4d5b2871fe1,mae,4.759446394479856,4.850623580257291,0.09117718577743439
regression,0,category,0,2500,ddacdb8a7231640ff0036e41664aba6afb20dfbc925f69a2bbf0b4d5b2871fe1,mae,4.759446394479856,4.804235734202178,0.04478933972232202
regression,0,category,1,2500,ddacdb8a7231640ff0036e41664aba6afb20dfbc925f69a2bbf0b4d5b2871fe1,mae,4.759446394479856,4.801949327679551,0.042502933199694226
regression,0,category,2,2500,ddacdb8a7231640ff0036e41664aba6afb20dfbc925f69a2bbf0b4d5b2871fe1,mae,4.759446394479856,4.816706808793897,0.057260414314040275
regression,0,states,0,2500,ddacdb8a7231640ff0036e41664aba6afb20dfbc925f69a2bbf0b4d5b2871fe1,mae,4.759446394479856,5.753888601060735,0.9944422065808789
regression,0,states,1,2500,ddacdb8a7231640ff0036e41664aba6afb20dfbc925f69a2bbf0b4d5b2871fe1,mae,4.759446394479856,5.737029206313911,0.9775828118340542
regression,0,states,2,2500,ddacdb8a7231640ff0036e41664aba6afb20dfbc925f69a2bbf0b4d5b2871fe1,mae,4.759446394479856,5.718623905123582,0.9591775106437259
regression,0,distance,0,2500,ddacdb8a7231640ff0036e41664aba6afb20dfbc925f69a2bbf0b4d5b2871fe1,mae,4.759446394479856,5.384486262168764,0.6250398676889075
regression,0,distance,1,2500,ddacdb8a7231640ff0036e41664aba6afb20dfbc925f69a2bbf0b4d5b2871fe1,mae,4.759446394479856,5.320937917333038,0.5614915228531814
regression,0,distance,2,2500,ddacdb8a7231640ff0036e41664aba6afb20dfbc925f69a2bbf0b4d5b2871fe1,mae,4.759446394479856,5.337551010543001,0.5781046160631442
regression,0,calendar,0,2500,ddacdb8a7231640ff0036e41664aba6afb20dfbc925f69a2bbf0b4d5b2871fe1,mae,4.759446394479856,5.455350662358835,0.6959042678789782
regression,0,calendar,1,2500,ddacdb8a7231640ff0036e41664aba6afb20dfbc925f69a2bbf0b4d5b2871fe1,mae,4.759446394479856,5.420723952517171,0.6612775580373143
regression,0,calendar,2,2500,ddacdb8a7231640ff0036e41664aba6afb20dfbc925f69a2bbf0b4d5b2871fe1,mae,4.759446394479856,5.3268019555826,0.5673555611027439
regression,0,payment,0,2500,ddacdb8a7231640ff0036e41664aba6afb20dfbc925f69a2bbf0b4d5b2871fe1,mae,4.759446394479856,4.7851655597140965,0.025719165234240116
regression,0,payment,1,2500,ddacdb8a7231640ff0036e41664aba6afb20dfbc925f69a2bbf0b4d5b2871fe1,mae,4.759446394479856,4.784408833877977,0.024962439398120928
regression,0,payment,2,2500,ddacdb8a7231640ff0036e41664aba6afb20dfbc925f69a2bbf0b4d5b2871fe1,mae,4.759446394479856,4.778708796285712,0.01926240180585559
regression,1,basket,0,2500,cac58b896468bda7604a11e28ff6a515bdcbbece2f840d23fa78d370a6ae143e,mae,4.701389991737024,4.716062820392541,0.014672828655517556
regression,1,basket,1,2500,cac58b896468bda7604a11e28ff6a515bdcbbece2f840d23fa78d370a6ae143e,mae,4.701389991737024,4.709017327727434,0.007627335990409989
regression,1,basket,2,2500,cac58b896468bda7604a11e28ff6a515bdcbbece2f840d23fa78d370a6ae143e,mae,4.701389991737024,4.707698678072644,0.006308686335620095
regression,1,financial,0,2500,cac58b896468bda7604a11e28ff6a515bdcbbece2f840d23fa78d370a6ae143e,mae,4.701389991737024,4.82872632346364,0.12733633172661651
regression,1,financial,1,2500,cac58b896468bda7604a11e28ff6a515bdcbbece2f840d23fa78d370a6ae143e,mae,4.701389991737024,4.8291254469861595,0.12773545524913565
regression,1,financial,2,2500,cac58b896468bda7604a11e28ff6a515bdcbbece2f840d23fa78d370a6ae143e,mae,4.701389991737024,4.834206401770549,0.1328164100335254
regression,1,physical,0,2500,cac58b896468bda7604a11e28ff6a515bdcbbece2f840d23fa78d370a6ae143e,mae,4.701389991737024,4.7361189824077154,0.03472899067069157
regression,1,physical,1,2500,cac58b896468bda7604a11e28ff6a515bdcbbece2f840d23fa78d370a6ae143e,mae,4.701389991737024,4.761722557137098,0.060332565400074145
regression,1,physical,2,2500,cac58b896468bda7604a11e28ff6a515bdcbbece2f840d23fa78d370a6ae143e,mae,4.701389991737024,4.742017406814413,0.040627415077389095
regression,1,category,0,2500,cac58b896468bda7604a11e28ff6a515bdcbbece2f840d23fa78d370a6ae143e,mae,4.701389991737024,4.735448162932294,0.034058171195270326
regression,1,category,1,2500,cac58b896468bda7604a11e28ff6a515bdcbbece2f840d23fa78d370a6ae143e,mae,4.701389991737024,4.731536486077437,0.030146494340413277
regression,1,category,2,2500,cac58b896468bda7604a11e28ff6a515bdcbbece2f840d23fa78d370a6ae143e,mae,4.701389991737024,4.72733074732628,0.025940755589256348
regression,1,states,0,2500,cac58b896468bda7604a11e28ff6a515bdcbbece2f840d23fa78d370a6ae143e,mae,4.701389991737024,5.648819698369235,0.947429706632211
regression,1,states,1,2500,cac58b896468bda7604a11e28ff6a515bdcbbece2f840d23fa78d370a6ae143e,mae,4.701389991737024,5.674072295723816,0.972682303986792
regression,1,states,2,2500,cac58b896468bda7604a11e28ff6a515bdcbbece2f840d23fa78d370a6ae143e,mae,4.701389991737024,5.740663563930126,1.0392735721931023
regression,1,distance,0,2500,cac58b896468bda7604a11e28ff6a515bdcbbece2f840d23fa78d370a6ae143e,mae,4.701389991737024,5.177292916079312,0.47590292434228854
regression,1,distance,1,2500,cac58b896468bda7604a11e28ff6a515bdcbbece2f840d23fa78d370a6ae143e,mae,4.701389991737024,5.1790886760623005,0.4776986843252766
regression,1,distance,2,2500,cac58b896468bda7604a11e28ff6a515bdcbbece2f840d23fa78d370a6ae143e,mae,4.701389991737024,5.256122554687507,0.5547325629504831
regression,1,calendar,0,2500,cac58b896468bda7604a11e28ff6a515bdcbbece2f840d23fa78d370a6ae143e,mae,4.701389991737024,5.338444872595053,0.6370548808580292
regression,1,calendar,1,2500,cac58b896468bda7604a11e28ff6a515bdcbbece2f840d23fa78d370a6ae143e,mae,4.701389991737024,5.344742131509513,0.6433521397724888
regression,1,calendar,2,2500,cac58b896468bda7604a11e28ff6a515bdcbbece2f840d23fa78d370a6ae143e,mae,4.701389991737024,5.288853045182926,0.5874630534459024
regression,1,payment,0,2500,cac58b896468bda7604a11e28ff6a515bdcbbece2f840d23fa78d370a6ae143e,mae,4.701389991737024,4.714322763621171,0.012932771884146987
regression,1,payment,1,2500,cac58b896468bda7604a11e28ff6a515bdcbbece2f840d23fa78d370a6ae143e,mae,4.701389991737024,4.7189055792671875,0.01751558753016358
regression,1,payment,2,2500,cac58b896468bda7604a11e28ff6a515bdcbbece2f840d23fa78d370a6ae143e,mae,4.701389991737024,4.715231641923903,0.013841650186878773
regression,2,basket,0,2500,ad771fe75c262c208f31f4af5b9251246b02661dce048604724d5382e9f0ab1e,mae,5.1458766683615975,5.154598677488382,0.008722009126784336
regression,2,basket,1,2500,ad771fe75c262c208f31f4af5b9251246b02661dce048604724d5382e9f0ab1e,mae,5.1458766683615975,5.156884019723004,0.011007351361406847
regression,2,basket,2,2500,ad771fe75c262c208f31f4af5b9251246b02661dce048604724d5382e9f0ab1e,mae,5.1458766683615975,5.151625798322214,0.005749129960616273
regression,2,financial,0,2500,ad771fe75c262c208f31f4af5b9251246b02661dce048604724d5382e9f0ab1e,mae,5.1458766683615975,5.352660842057775,0.2067841736961773
regression,2,financial,1,2500,ad771fe75c262c208f31f4af5b9251246b02661dce048604724d5382e9f0ab1e,mae,5.1458766683615975,5.322752171772806,0.1768755034112086
regression,2,financial,2,2500,ad771fe75c262c208f31f4af5b9251246b02661dce048604724d5382e9f0ab1e,mae,5.1458766683615975,5.311982660440959,0.16610599207936172
regression,2,physical,0,2500,ad771fe75c262c208f31f4af5b9251246b02661dce048604724d5382e9f0ab1e,mae,5.1458766683615975,5.2258679854397085,0.07999131707811102
regression,2,physical,1,2500,ad771fe75c262c208f31f4af5b9251246b02661dce048604724d5382e9f0ab1e,mae,5.1458766683615975,5.196935421221882,0.051058752860284606
regression,2,physical,2,2500,ad771fe75c262c208f31f4af5b9251246b02661dce048604724d5382e9f0ab1e,mae,5.1458766683615975,5.211314767793585,0.06543809943198742
regression,2,category,0,2500,ad771fe75c262c208f31f4af5b9251246b02661dce048604724d5382e9f0ab1e,mae,5.1458766683615975,5.197730085538657,0.05185341717705949
regression,2,category,1,2500,ad771fe75c262c208f31f4af5b9251246b02661dce048604724d5382e9f0ab1e,mae,5.1458766683615975,5.188827141789795,0.042950473428197355
regression,2,category,2,2500,ad771fe75c262c208f31f4af5b9251246b02661dce048604724d5382e9f0ab1e,mae,5.1458766683615975,5.191031292028821,0.04515462366722378
regression,2,states,0,2500,ad771fe75c262c208f31f4af5b9251246b02661dce048604724d5382e9f0ab1e,mae,5.1458766683615975,6.126871425120562,0.9809947567589647
regression,2,states,1,2500,ad771fe75c262c208f31f4af5b9251246b02661dce048604724d5382e9f0ab1e,mae,5.1458766683615975,6.163649430372047,1.0177727620104493
regression,2,states,2,2500,ad771fe75c262c208f31f4af5b9251246b02661dce048604724d5382e9f0ab1e,mae,5.1458766683615975,6.04256414998886,0.8966874816272625
regression,2,distance,0,2500,ad771fe75c262c208f31f4af5b9251246b02661dce048604724d5382e9f0ab1e,mae,5.1458766683615975,5.711653246728228,0.5657765783666306
regression,2,distance,1,2500,ad771fe75c262c208f31f4af5b9251246b02661dce048604724d5382e9f0ab1e,mae,5.1458766683615975,5.784072462682196,0.6381957943205983
regression,2,distance,2,2500,ad771fe75c262c208f31f4af5b9251246b02661dce048604724d5382e9f0ab1e,mae,5.1458766683615975,5.785691388285872,0.6398147199242743
regression,2,calendar,0,2500,ad771fe75c262c208f31f4af5b9251246b02661dce048604724d5382e9f0ab1e,mae,5.1458766683615975,5.872789968749399,0.7269133003878014
regression,2,calendar,1,2500,ad771fe75c262c208f31f4af5b9251246b02661dce048604724d5382e9f0ab1e,mae,5.1458766683615975,5.80131347665755,0.6554368082959527
regression,2,calendar,2,2500,ad771fe75c262c208f31f4af5b9251246b02661dce048604724d5382e9f0ab1e,mae,5.1458766683615975,5.879453544462871,0.7335768761012735
regression,2,payment,0,2500,ad771fe75c262c208f31f4af5b9251246b02661dce048604724d5382e9f0ab1e,mae,5.1458766683615975,5.1766349370662805,0.03075826870468301
regression,2,payment,1,2500,ad771fe75c262c208f31f4af5b9251246b02661dce048604724d5382e9f0ab1e,mae,5.1458766683615975,5.160031412911628,0.014154744550030074
regression,2,payment,2,2500,ad771fe75c262c208f31f4af5b9251246b02661dce048604724d5382e9f0ab1e,mae,5.1458766683615975,5.17479426583742,0.028917597475822454
regression,3,basket,0,2500,3fa233bb1b28c6f7e5f1d2aada35599fd2788bd8a98c8503c673191801a4d55e,mae,4.79815586767095,4.826697551453437,0.028541683782487226
regression,3,basket,1,2500,3fa233bb1b28c6f7e5f1d2aada35599fd2788bd8a98c8503c673191801a4d55e,mae,4.79815586767095,4.820064824084839,0.021908956413889236
regression,3,basket,2,2500,3fa233bb1b28c6f7e5f1d2aada35599fd2788bd8a98c8503c673191801a4d55e,mae,4.79815586767095,4.822576714937159,0.0244208472662093
regression,3,financial,0,2500,3fa233bb1b28c6f7e5f1d2aada35599fd2788bd8a98c8503c673191801a4d55e,mae,4.79815586767095,4.977518015114456,0.17936214744350654
regression,3,financial,1,2500,3fa233bb1b28c6f7e5f1d2aada35599fd2788bd8a98c8503c673191801a4d55e,mae,4.79815586767095,4.980000839954734,0.18184497228378405
regression,3,financial,2,2500,3fa233bb1b28c6f7e5f1d2aada35599fd2788bd8a98c8503c673191801a4d55e,mae,4.79815586767095,4.980674934216177,0.1825190665452272
regression,3,physical,0,2500,3fa233bb1b28c6f7e5f1d2aada35599fd2788bd8a98c8503c673191801a4d55e,mae,4.79815586767095,4.860414067840422,0.06225820016947203
regression,3,physical,1,2500,3fa233bb1b28c6f7e5f1d2aada35599fd2788bd8a98c8503c673191801a4d55e,mae,4.79815586767095,4.853910872878295,0.05575500520734522
regression,3,physical,2,2500,3fa233bb1b28c6f7e5f1d2aada35599fd2788bd8a98c8503c673191801a4d55e,mae,4.79815586767095,4.870526657262048,0.07237078959109855
regression,3,category,0,2500,3fa233bb1b28c6f7e5f1d2aada35599fd2788bd8a98c8503c673191801a4d55e,mae,4.79815586767095,4.850639478653142,0.05248361098219245
regression,3,category,1,2500,3fa233bb1b28c6f7e5f1d2aada35599fd2788bd8a98c8503c673191801a4d55e,mae,4.79815586767095,4.8442725911560816,0.04611672348513185
regression,3,category,2,2500,3fa233bb1b28c6f7e5f1d2aada35599fd2788bd8a98c8503c673191801a4d55e,mae,4.79815586767095,4.8385871404178795,0.040431272746929814
regression,3,states,0,2500,3fa233bb1b28c6f7e5f1d2aada35599fd2788bd8a98c8503c673191801a4d55e,mae,4.79815586767095,5.709809207251032,0.9116533395800825
regression,3,states,1,2500,3fa233bb1b28c6f7e5f1d2aada35599fd2788bd8a98c8503c673191801a4d55e,mae,4.79815586767095,5.545236856805757,0.7470809891348074
regression,3,states,2,2500,3fa233bb1b28c6f7e5f1d2aada35599fd2788bd8a98c8503c673191801a4d55e,mae,4.79815586767095,5.601270639146408,0.8031147714754585
regression,3,distance,0,2500,3fa233bb1b28c6f7e5f1d2aada35599fd2788bd8a98c8503c673191801a4d55e,mae,4.79815586767095,5.400575576647307,0.602419708976357
regression,3,distance,1,2500,3fa233bb1b28c6f7e5f1d2aada35599fd2788bd8a98c8503c673191801a4d55e,mae,4.79815586767095,5.382297385089429,0.5841415174184794
regression,3,distance,2,2500,3fa233bb1b28c6f7e5f1d2aada35599fd2788bd8a98c8503c673191801a4d55e,mae,4.79815586767095,5.481226183877396,0.6830703162064466
regression,3,calendar,0,2500,3fa233bb1b28c6f7e5f1d2aada35599fd2788bd8a98c8503c673191801a4d55e,mae,4.79815586767095,5.452781003988309,0.6546251363173594
regression,3,calendar,1,2500,3fa233bb1b28c6f7e5f1d2aada35599fd2788bd8a98c8503c673191801a4d55e,mae,4.79815586767095,5.348534024586986,0.550378156916036
regression,3,calendar,2,2500,3fa233bb1b28c6f7e5f1d2aada35599fd2788bd8a98c8503c673191801a4d55e,mae,4.79815586767095,5.482600512348864,0.6844446446779147
regression,3,payment,0,2500,3fa233bb1b28c6f7e5f1d2aada35599fd2788bd8a98c8503c673191801a4d55e,mae,4.79815586767095,4.839265182870659,0.041109315199709506
regression,3,payment,1,2500,3fa233bb1b28c6f7e5f1d2aada35599fd2788bd8a98c8503c673191801a4d55e,mae,4.79815586767095,4.833078284060938,0.034922416389988165
regression,3,payment,2,2500,3fa233bb1b28c6f7e5f1d2aada35599fd2788bd8a98c8503c673191801a4d55e,mae,4.79815586767095,4.846124451115012,0.04796858344406196
regression,4,basket,0,2500,8ca5b7bec5af9e91d0cb928674d540fb24de7808f09800477d01d9f1575e9c9e,mae,4.730723350492467,4.743464344511023,0.01274099401855544
regression,4,basket,1,2500,8ca5b7bec5af9e91d0cb928674d540fb24de7808f09800477d01d9f1575e9c9e,mae,4.730723350492467,4.737218862380193,0.006495511887726124
regression,4,basket,2,2500,8ca5b7bec5af9e91d0cb928674d540fb24de7808f09800477d01d9f1575e9c9e,mae,4.730723350492467,4.740126447363549,0.009403096871081651
regression,4,financial,0,2500,8ca5b7bec5af9e91d0cb928674d540fb24de7808f09800477d01d9f1575e9c9e,mae,4.730723350492467,4.857337041716781,0.1266136912243141
regression,4,financial,1,2500,8ca5b7bec5af9e91d0cb928674d540fb24de7808f09800477d01d9f1575e9c9e,mae,4.730723350492467,4.8409125307836565,0.11018918029118918
regression,4,financial,2,2500,8ca5b7bec5af9e91d0cb928674d540fb24de7808f09800477d01d9f1575e9c9e,mae,4.730723350492467,4.8526452544604854,0.12192190396801816
regression,4,physical,0,2500,8ca5b7bec5af9e91d0cb928674d540fb24de7808f09800477d01d9f1575e9c9e,mae,4.730723350492467,4.800873024719413,0.07014967422694607
regression,4,physical,1,2500,8ca5b7bec5af9e91d0cb928674d540fb24de7808f09800477d01d9f1575e9c9e,mae,4.730723350492467,4.795291586756526,0.0645682362640585
regression,4,physical,2,2500,8ca5b7bec5af9e91d0cb928674d540fb24de7808f09800477d01d9f1575e9c9e,mae,4.730723350492467,4.795275146805256,0.06455179631278885
regression,4,category,0,2500,8ca5b7bec5af9e91d0cb928674d540fb24de7808f09800477d01d9f1575e9c9e,mae,4.730723350492467,4.784534856545397,0.053811506052929836
regression,4,category,1,2500,8ca5b7bec5af9e91d0cb928674d540fb24de7808f09800477d01d9f1575e9c9e,mae,4.730723350492467,4.774876000910051,0.04415265041758332
regression,4,category,2,2500,8ca5b7bec5af9e91d0cb928674d540fb24de7808f09800477d01d9f1575e9c9e,mae,4.730723350492467,4.746778279804418,0.016054929311950517
regression,4,states,0,2500,8ca5b7bec5af9e91d0cb928674d540fb24de7808f09800477d01d9f1575e9c9e,mae,4.730723350492467,5.49000148982963,0.7592781393371624
regression,4,states,1,2500,8ca5b7bec5af9e91d0cb928674d540fb24de7808f09800477d01d9f1575e9c9e,mae,4.730723350492467,5.712825161028687,0.9821018105362196
regression,4,states,2,2500,8ca5b7bec5af9e91d0cb928674d540fb24de7808f09800477d01d9f1575e9c9e,mae,4.730723350492467,5.637036862147919,0.9063135116554522
regression,4,distance,0,2500,8ca5b7bec5af9e91d0cb928674d540fb24de7808f09800477d01d9f1575e9c9e,mae,4.730723350492467,5.287611180574411,0.5568878300819433
regression,4,distance,1,2500,8ca5b7bec5af9e91d0cb928674d540fb24de7808f09800477d01d9f1575e9c9e,mae,4.730723350492467,5.304029649699401,0.5733062992069335
regression,4,distance,2,2500,8ca5b7bec5af9e91d0cb928674d540fb24de7808f09800477d01d9f1575e9c9e,mae,4.730723350492467,5.275061163255067,0.5443378127626
regression,4,calendar,0,2500,8ca5b7bec5af9e91d0cb928674d540fb24de7808f09800477d01d9f1575e9c9e,mae,4.730723350492467,5.3708951933733635,0.6401718428808962
regression,4,calendar,1,2500,8ca5b7bec5af9e91d0cb928674d540fb24de7808f09800477d01d9f1575e9c9e,mae,4.730723350492467,5.362512654136198,0.631789303643731
regression,4,calendar,2,2500,8ca5b7bec5af9e91d0cb928674d540fb24de7808f09800477d01d9f1575e9c9e,mae,4.730723350492467,5.317849640305528,0.5871262898130611
regression,4,payment,0,2500,8ca5b7bec5af9e91d0cb928674d540fb24de7808f09800477d01d9f1575e9c9e,mae,4.730723350492467,4.7572872790486755,0.02656392855620826
regression,4,payment,1,2500,8ca5b7bec5af9e91d0cb928674d540fb24de7808f09800477d01d9f1575e9c9e,mae,4.730723350492467,4.753028134625751,0.02230478413328374
regression,4,payment,2,2500,8ca5b7bec5af9e91d0cb928674d540fb24de7808f09800477d01d9f1575e9c9e,mae,4.730723350492467,4.756055685472985,0.02533233498051768
classification,0,basket,0,2500,e0d911eb92b639d0bc2881dccd82de82a3861b7ff716fe13bfb7fb5b6190debd,average_precision,0.3405483235686208,0.26684145563274914,0.07370686793587167
classification,0,basket,1,2500,e0d911eb92b639d0bc2881dccd82de82a3861b7ff716fe13bfb7fb5b6190debd,average_precision,0.3405483235686208,0.2804560918091819,0.0600922317594389
classification,0,basket,2,2500,e0d911eb92b639d0bc2881dccd82de82a3861b7ff716fe13bfb7fb5b6190debd,average_precision,0.3405483235686208,0.26805931185554555,0.07248901171307526
classification,0,financial,0,2500,e0d911eb92b639d0bc2881dccd82de82a3861b7ff716fe13bfb7fb5b6190debd,average_precision,0.3405483235686208,0.32932984142658606,0.011218482142034747
classification,0,financial,1,2500,e0d911eb92b639d0bc2881dccd82de82a3861b7ff716fe13bfb7fb5b6190debd,average_precision,0.3405483235686208,0.3317369948786113,0.008811328690009501
classification,0,financial,2,2500,e0d911eb92b639d0bc2881dccd82de82a3861b7ff716fe13bfb7fb5b6190debd,average_precision,0.3405483235686208,0.3218740362747886,0.018674287293832192
classification,0,physical,0,2500,e0d911eb92b639d0bc2881dccd82de82a3861b7ff716fe13bfb7fb5b6190debd,average_precision,0.3405483235686208,0.3297075166275266,0.010840806941094183
classification,0,physical,1,2500,e0d911eb92b639d0bc2881dccd82de82a3861b7ff716fe13bfb7fb5b6190debd,average_precision,0.3405483235686208,0.32670707717842484,0.01384124639019596
classification,0,physical,2,2500,e0d911eb92b639d0bc2881dccd82de82a3861b7ff716fe13bfb7fb5b6190debd,average_precision,0.3405483235686208,0.33065341540424953,0.009894908164371274
classification,0,category,0,2500,e0d911eb92b639d0bc2881dccd82de82a3861b7ff716fe13bfb7fb5b6190debd,average_precision,0.3405483235686208,0.3340244316958648,0.0065238918727559825
classification,0,category,1,2500,e0d911eb92b639d0bc2881dccd82de82a3861b7ff716fe13bfb7fb5b6190debd,average_precision,0.3405483235686208,0.3347258177505696,0.005822505818051216
classification,0,category,2,2500,e0d911eb92b639d0bc2881dccd82de82a3861b7ff716fe13bfb7fb5b6190debd,average_precision,0.3405483235686208,0.3329873119300749,0.007561011638545889
classification,0,states,0,2500,e0d911eb92b639d0bc2881dccd82de82a3861b7ff716fe13bfb7fb5b6190debd,average_precision,0.3405483235686208,0.3089711893373836,0.0315771342312372
classification,0,states,1,2500,e0d911eb92b639d0bc2881dccd82de82a3861b7ff716fe13bfb7fb5b6190debd,average_precision,0.3405483235686208,0.3017160559917512,0.038832267576869584
classification,0,states,2,2500,e0d911eb92b639d0bc2881dccd82de82a3861b7ff716fe13bfb7fb5b6190debd,average_precision,0.3405483235686208,0.30050834646901403,0.04003997709960677
classification,0,distance,0,2500,e0d911eb92b639d0bc2881dccd82de82a3861b7ff716fe13bfb7fb5b6190debd,average_precision,0.3405483235686208,0.33123723011248996,0.009311093456130848
classification,0,distance,1,2500,e0d911eb92b639d0bc2881dccd82de82a3861b7ff716fe13bfb7fb5b6190debd,average_precision,0.3405483235686208,0.32453275455542163,0.01601556901319917
classification,0,distance,2,2500,e0d911eb92b639d0bc2881dccd82de82a3861b7ff716fe13bfb7fb5b6190debd,average_precision,0.3405483235686208,0.323456146650614,0.017092176918006796
classification,0,calendar,0,2500,e0d911eb92b639d0bc2881dccd82de82a3861b7ff716fe13bfb7fb5b6190debd,average_precision,0.3405483235686208,0.29862988696107995,0.041918436607540854
classification,0,calendar,1,2500,e0d911eb92b639d0bc2881dccd82de82a3861b7ff716fe13bfb7fb5b6190debd,average_precision,0.3405483235686208,0.276058604178743,0.0644897193898778
classification,0,calendar,2,2500,e0d911eb92b639d0bc2881dccd82de82a3861b7ff716fe13bfb7fb5b6190debd,average_precision,0.3405483235686208,0.2970250924366947,0.04352323113192608
classification,0,payment,0,2500,e0d911eb92b639d0bc2881dccd82de82a3861b7ff716fe13bfb7fb5b6190debd,average_precision,0.3405483235686208,0.3422826622111731,-0.001734338642552291
classification,0,payment,1,2500,e0d911eb92b639d0bc2881dccd82de82a3861b7ff716fe13bfb7fb5b6190debd,average_precision,0.3405483235686208,0.34139306167464656,-0.0008447381060257553
classification,0,payment,2,2500,e0d911eb92b639d0bc2881dccd82de82a3861b7ff716fe13bfb7fb5b6190debd,average_precision,0.3405483235686208,0.3447101917797478,-0.004161868211127018
classification,1,basket,0,2500,48464f5e837e87e9e4598efcb0ae94b99fd015ea78b96a71b56b522bb388cf2c,average_precision,0.2901108618490885,0.2325331991027104,0.05757766274637813
classification,1,basket,1,2500,48464f5e837e87e9e4598efcb0ae94b99fd015ea78b96a71b56b522bb388cf2c,average_precision,0.2901108618490885,0.22994448727478667,0.06016637457430185
classification,1,basket,2,2500,48464f5e837e87e9e4598efcb0ae94b99fd015ea78b96a71b56b522bb388cf2c,average_precision,0.2901108618490885,0.22735028590913292,0.0627605759399556
classification,1,financial,0,2500,48464f5e837e87e9e4598efcb0ae94b99fd015ea78b96a71b56b522bb388cf2c,average_precision,0.2901108618490885,0.26853200849634923,0.02157885335273929
classification,1,financial,1,2500,48464f5e837e87e9e4598efcb0ae94b99fd015ea78b96a71b56b522bb388cf2c,average_precision,0.2901108618490885,0.27054198145745484,0.01956888039163368
classification,1,financial,2,2500,48464f5e837e87e9e4598efcb0ae94b99fd015ea78b96a71b56b522bb388cf2c,average_precision,0.2901108618490885,0.2630134221201371,0.0270974397289514
classification,1,physical,0,2500,48464f5e837e87e9e4598efcb0ae94b99fd015ea78b96a71b56b522bb388cf2c,average_precision,0.2901108618490885,0.27818795277386277,0.011922909075225752
classification,1,physical,1,2500,48464f5e837e87e9e4598efcb0ae94b99fd015ea78b96a71b56b522bb388cf2c,average_precision,0.2901108618490885,0.2819602476774321,0.008150614171656412
classification,1,physical,2,2500,48464f5e837e87e9e4598efcb0ae94b99fd015ea78b96a71b56b522bb388cf2c,average_precision,0.2901108618490885,0.2866264305399419,0.0034844313091466073
classification,1,category,0,2500,48464f5e837e87e9e4598efcb0ae94b99fd015ea78b96a71b56b522bb388cf2c,average_precision,0.2901108618490885,0.2868685943750511,0.0032422674740374413
classification,1,category,1,2500,48464f5e837e87e9e4598efcb0ae94b99fd015ea78b96a71b56b522bb388cf2c,average_precision,0.2901108618490885,0.2884216402124128,0.0016892216366757307
classification,1,category,2,2500,48464f5e837e87e9e4598efcb0ae94b99fd015ea78b96a71b56b522bb388cf2c,average_precision,0.2901108618490885,0.28748586917101854,0.0026249926780699817
classification,1,states,0,2500,48464f5e837e87e9e4598efcb0ae94b99fd015ea78b96a71b56b522bb388cf2c,average_precision,0.2901108618490885,0.2648617803709099,0.025249081478178614
classification,1,states,1,2500,48464f5e837e87e9e4598efcb0ae94b99fd015ea78b96a71b56b522bb388cf2c,average_precision,0.2901108618490885,0.285819433039145,0.004291428809943543
classification,1,states,2,2500,48464f5e837e87e9e4598efcb0ae94b99fd015ea78b96a71b56b522bb388cf2c,average_precision,0.2901108618490885,0.27678117670724767,0.013329685141840852
classification,1,distance,0,2500,48464f5e837e87e9e4598efcb0ae94b99fd015ea78b96a71b56b522bb388cf2c,average_precision,0.2901108618490885,0.2891713214318643,0.0009395404172242161
classification,1,distance,1,2500,48464f5e837e87e9e4598efcb0ae94b99fd015ea78b96a71b56b522bb388cf2c,average_precision,0.2901108618490885,0.28110753955828405,0.009003322290804472
classification,1,distance,2,2500,48464f5e837e87e9e4598efcb0ae94b99fd015ea78b96a71b56b522bb388cf2c,average_precision,0.2901108618490885,0.28995854915406033,0.00015231269502818945
classification,1,calendar,0,2500,48464f5e837e87e9e4598efcb0ae94b99fd015ea78b96a71b56b522bb388cf2c,average_precision,0.2901108618490885,0.260338855216242,0.029772006632846515
classification,1,calendar,1,2500,48464f5e837e87e9e4598efcb0ae94b99fd015ea78b96a71b56b522bb388cf2c,average_precision,0.2901108618490885,0.26013882859270054,0.029972033256387975
classification,1,calendar,2,2500,48464f5e837e87e9e4598efcb0ae94b99fd015ea78b96a71b56b522bb388cf2c,average_precision,0.2901108618490885,0.24883746026584472,0.0412734015832438
classification,1,payment,0,2500,48464f5e837e87e9e4598efcb0ae94b99fd015ea78b96a71b56b522bb388cf2c,average_precision,0.2901108618490885,0.2875861356262024,0.002524726222886131
classification,1,payment,1,2500,48464f5e837e87e9e4598efcb0ae94b99fd015ea78b96a71b56b522bb388cf2c,average_precision,0.2901108618490885,0.29196034284650296,-0.0018494809974144433
classification,1,payment,2,2500,48464f5e837e87e9e4598efcb0ae94b99fd015ea78b96a71b56b522bb388cf2c,average_precision,0.2901108618490885,0.29072132165600756,-0.0006104598069190392
classification,2,basket,0,2500,eb1b35f8fa91abd1dc7dd4faf9abdf401153b77d381503f28ac1a1b41dfd8fbb,average_precision,0.2830695376194003,0.23853313708078766,0.04453640053861263
classification,2,basket,1,2500,eb1b35f8fa91abd1dc7dd4faf9abdf401153b77d381503f28ac1a1b41dfd8fbb,average_precision,0.2830695376194003,0.23458853722940787,0.048481000389992424
classification,2,basket,2,2500,eb1b35f8fa91abd1dc7dd4faf9abdf401153b77d381503f28ac1a1b41dfd8fbb,average_precision,0.2830695376194003,0.25652142674739775,0.02654811087200254
classification,2,financial,0,2500,eb1b35f8fa91abd1dc7dd4faf9abdf401153b77d381503f28ac1a1b41dfd8fbb,average_precision,0.2830695376194003,0.2706094094145676,0.012460128204832666
classification,2,financial,1,2500,eb1b35f8fa91abd1dc7dd4faf9abdf401153b77d381503f28ac1a1b41dfd8fbb,average_precision,0.2830695376194003,0.2574315707030004,0.025637966916399912
classification,2,financial,2,2500,eb1b35f8fa91abd1dc7dd4faf9abdf401153b77d381503f28ac1a1b41dfd8fbb,average_precision,0.2830695376194003,0.2630213857701551,0.020048151849245188
classification,2,physical,0,2500,eb1b35f8fa91abd1dc7dd4faf9abdf401153b77d381503f28ac1a1b41dfd8fbb,average_precision,0.2830695376194003,0.2723893445141279,0.010680193105272406
classification,2,physical,1,2500,eb1b35f8fa91abd1dc7dd4faf9abdf401153b77d381503f28ac1a1b41dfd8fbb,average_precision,0.2830695376194003,0.2718108478303949,0.011258689789005405
classification,2,physical,2,2500,eb1b35f8fa91abd1dc7dd4faf9abdf401153b77d381503f28ac1a1b41dfd8fbb,average_precision,0.2830695376194003,0.27157095893247096,0.011498578686929328
classification,2,category,0,2500,eb1b35f8fa91abd1dc7dd4faf9abdf401153b77d381503f28ac1a1b41dfd8fbb,average_precision,0.2830695376194003,0.28277521005302264,0.0002943275663776501
classification,2,category,1,2500,eb1b35f8fa91abd1dc7dd4faf9abdf401153b77d381503f28ac1a1b41dfd8fbb,average_precision,0.2830695376194003,0.28216984955640734,0.0008996880629929538
classification,2,category,2,2500,eb1b35f8fa91abd1dc7dd4faf9abdf401153b77d381503f28ac1a1b41dfd8fbb,average_precision,0.2830695376194003,0.28353455157367924,-0.00046501395427894776
classification,2,states,0,2500,eb1b35f8fa91abd1dc7dd4faf9abdf401153b77d381503f28ac1a1b41dfd8fbb,average_precision,0.2830695376194003,0.25124138490784037,0.03182815271155992
classification,2,states,1,2500,eb1b35f8fa91abd1dc7dd4faf9abdf401153b77d381503f28ac1a1b41dfd8fbb,average_precision,0.2830695376194003,0.2566052467421732,0.02646429087722707
classification,2,states,2,2500,eb1b35f8fa91abd1dc7dd4faf9abdf401153b77d381503f28ac1a1b41dfd8fbb,average_precision,0.2830695376194003,0.2558254819367744,0.02724405568262589
classification,2,distance,0,2500,eb1b35f8fa91abd1dc7dd4faf9abdf401153b77d381503f28ac1a1b41dfd8fbb,average_precision,0.2830695376194003,0.2684033387166985,0.014666198902701766
classification,2,distance,1,2500,eb1b35f8fa91abd1dc7dd4faf9abdf401153b77d381503f28ac1a1b41dfd8fbb,average_precision,0.2830695376194003,0.26547172542999903,0.017597812189401263
classification,2,distance,2,2500,eb1b35f8fa91abd1dc7dd4faf9abdf401153b77d381503f28ac1a1b41dfd8fbb,average_precision,0.2830695376194003,0.2660361744113818,0.017033363208018515
classification,2,calendar,0,2500,eb1b35f8fa91abd1dc7dd4faf9abdf401153b77d381503f28ac1a1b41dfd8fbb,average_precision,0.2830695376194003,0.25707400587936563,0.02599553174003466
classification,2,calendar,1,2500,eb1b35f8fa91abd1dc7dd4faf9abdf401153b77d381503f28ac1a1b41dfd8fbb,average_precision,0.2830695376194003,0.2513772350676877,0.03169230255171257
classification,2,calendar,2,2500,eb1b35f8fa91abd1dc7dd4faf9abdf401153b77d381503f28ac1a1b41dfd8fbb,average_precision,0.2830695376194003,0.25559359428255973,0.027475943336840558
classification,2,payment,0,2500,eb1b35f8fa91abd1dc7dd4faf9abdf401153b77d381503f28ac1a1b41dfd8fbb,average_precision,0.2830695376194003,0.28383036728482736,-0.0007608296654270652
classification,2,payment,1,2500,eb1b35f8fa91abd1dc7dd4faf9abdf401153b77d381503f28ac1a1b41dfd8fbb,average_precision,0.2830695376194003,0.2807902316150618,0.0022793060043385105
classification,2,payment,2,2500,eb1b35f8fa91abd1dc7dd4faf9abdf401153b77d381503f28ac1a1b41dfd8fbb,average_precision,0.2830695376194003,0.2789566995946481,0.004112838024752208
classification,3,basket,0,2500,f0cd8ce5b8825d5df1ebc7280e98df3d400ba03f0fdc509e477b82212fedf520,average_precision,0.3300695873428217,0.23783362950890627,0.09223595783391544
classification,3,basket,1,2500,f0cd8ce5b8825d5df1ebc7280e98df3d400ba03f0fdc509e477b82212fedf520,average_precision,0.3300695873428217,0.22981311711550914,0.10025647022731257
classification,3,basket,2,2500,f0cd8ce5b8825d5df1ebc7280e98df3d400ba03f0fdc509e477b82212fedf520,average_precision,0.3300695873428217,0.2278652321413497,0.102204355201472
classification,3,financial,0,2500,f0cd8ce5b8825d5df1ebc7280e98df3d400ba03f0fdc509e477b82212fedf520,average_precision,0.3300695873428217,0.32311064382827076,0.006958943514550953
classification,3,financial,1,2500,f0cd8ce5b8825d5df1ebc7280e98df3d400ba03f0fdc509e477b82212fedf520,average_precision,0.3300695873428217,0.31193390858716297,0.018135678755658746
classification,3,financial,2,2500,f0cd8ce5b8825d5df1ebc7280e98df3d400ba03f0fdc509e477b82212fedf520,average_precision,0.3300695873428217,0.3252356086207018,0.004833978722119936
classification,3,physical,0,2500,f0cd8ce5b8825d5df1ebc7280e98df3d400ba03f0fdc509e477b82212fedf520,average_precision,0.3300695873428217,0.33210084106275695,-0.002031253719935233
classification,3,physical,1,2500,f0cd8ce5b8825d5df1ebc7280e98df3d400ba03f0fdc509e477b82212fedf520,average_precision,0.3300695873428217,0.33043387876873576,-0.00036429142591404284
classification,3,physical,2,2500,f0cd8ce5b8825d5df1ebc7280e98df3d400ba03f0fdc509e477b82212fedf520,average_precision,0.3300695873428217,0.3325403862851636,-0.0024707989423418675
classification,3,category,0,2500,f0cd8ce5b8825d5df1ebc7280e98df3d400ba03f0fdc509e477b82212fedf520,average_precision,0.3300695873428217,0.33277327156873054,-0.002703684225908831
classification,3,category,1,2500,f0cd8ce5b8825d5df1ebc7280e98df3d400ba03f0fdc509e477b82212fedf520,average_precision,0.3300695873428217,0.33339993626045616,-0.0033303489176344514
classification,3,category,2,2500,f0cd8ce5b8825d5df1ebc7280e98df3d400ba03f0fdc509e477b82212fedf520,average_precision,0.3300695873428217,0.3309449028044764,-0.0008753154616547021
classification,3,states,0,2500,f0cd8ce5b8825d5df1ebc7280e98df3d400ba03f0fdc509e477b82212fedf520,average_precision,0.3300695873428217,0.2972821016247628,0.032787485718058895
classification,3,states,1,2500,f0cd8ce5b8825d5df1ebc7280e98df3d400ba03f0fdc509e477b82212fedf520,average_precision,0.3300695873428217,0.3083462039196187,0.021723383423203013
classification,3,states,2,2500,f0cd8ce5b8825d5df1ebc7280e98df3d400ba03f0fdc509e477b82212fedf520,average_precision,0.3300695873428217,0.3029853684977152,0.027084218845106534
classification,3,distance,0,2500,f0cd8ce5b8825d5df1ebc7280e98df3d400ba03f0fdc509e477b82212fedf520,average_precision,0.3300695873428217,0.30812652880745306,0.021943058535368654
classification,3,distance,1,2500,f0cd8ce5b8825d5df1ebc7280e98df3d400ba03f0fdc509e477b82212fedf520,average_precision,0.3300695873428217,0.3091043218885708,0.020965265454250925
classification,3,distance,2,2500,f0cd8ce5b8825d5df1ebc7280e98df3d400ba03f0fdc509e477b82212fedf520,average_precision,0.3300695873428217,0.30868984784292114,0.021379739499900574
classification,3,calendar,0,2500,f0cd8ce5b8825d5df1ebc7280e98df3d400ba03f0fdc509e477b82212fedf520,average_precision,0.3300695873428217,0.28483213749896524,0.04523744984385647
classification,3,calendar,1,2500,f0cd8ce5b8825d5df1ebc7280e98df3d400ba03f0fdc509e477b82212fedf520,average_precision,0.3300695873428217,0.2835726058014899,0.046496981541331805
classification,3,calendar,2,2500,f0cd8ce5b8825d5df1ebc7280e98df3d400ba03f0fdc509e477b82212fedf520,average_precision,0.3300695873428217,0.2777039897888693,0.052365597553952425
classification,3,payment,0,2500,f0cd8ce5b8825d5df1ebc7280e98df3d400ba03f0fdc509e477b82212fedf520,average_precision,0.3300695873428217,0.3248883146852215,0.005181272657600211
classification,3,payment,1,2500,f0cd8ce5b8825d5df1ebc7280e98df3d400ba03f0fdc509e477b82212fedf520,average_precision,0.3300695873428217,0.32367519919299614,0.0063943881498255695
classification,3,payment,2,2500,f0cd8ce5b8825d5df1ebc7280e98df3d400ba03f0fdc509e477b82212fedf520,average_precision,0.3300695873428217,0.32461341514517056,0.005456172197651155
classification,4,basket,0,2500,29cebc7f093389c9a4a381dd869198e5be430d798a600367463300caa33121d3,average_precision,0.29692199080756826,0.24159800520039557,0.05532398560717269
classification,4,basket,1,2500,29cebc7f093389c9a4a381dd869198e5be430d798a600367463300caa33121d3,average_precision,0.29692199080756826,0.257118596259904,0.03980339454766424
classification,4,basket,2,2500,29cebc7f093389c9a4a381dd869198e5be430d798a600367463300caa33121d3,average_precision,0.29692199080756826,0.23586978985484477,0.061052200952723484
classification,4,financial,0,2500,29cebc7f093389c9a4a381dd869198e5be430d798a600367463300caa33121d3,average_precision,0.29692199080756826,0.2894836452714926,0.007438345536075641
classification,4,financial,1,2500,29cebc7f093389c9a4a381dd869198e5be430d798a600367463300caa33121d3,average_precision,0.29692199080756826,0.28819712075499415,0.008724870052574107
classification,4,financial,2,2500,29cebc7f093389c9a4a381dd869198e5be430d798a600367463300caa33121d3,average_precision,0.29692199080756826,0.29879591490690893,-0.0018739240993406736
classification,4,physical,0,2500,29cebc7f093389c9a4a381dd869198e5be430d798a600367463300caa33121d3,average_precision,0.29692199080756826,0.2861912419405418,0.010730748867026463
classification,4,physical,1,2500,29cebc7f093389c9a4a381dd869198e5be430d798a600367463300caa33121d3,average_precision,0.29692199080756826,0.2885602768550902,0.008361713952478034
classification,4,physical,2,2500,29cebc7f093389c9a4a381dd869198e5be430d798a600367463300caa33121d3,average_precision,0.29692199080756826,0.2795834946413226,0.017338496166245665
classification,4,category,0,2500,29cebc7f093389c9a4a381dd869198e5be430d798a600367463300caa33121d3,average_precision,0.29692199080756826,0.2954931585017381,0.0014288323058301855
classification,4,category,1,2500,29cebc7f093389c9a4a381dd869198e5be430d798a600367463300caa33121d3,average_precision,0.29692199080756826,0.2950484525049883,0.001873538302579969
classification,4,category,2,2500,29cebc7f093389c9a4a381dd869198e5be430d798a600367463300caa33121d3,average_precision,0.29692199080756826,0.2938096269731303,0.00311236383443797
classification,4,states,0,2500,29cebc7f093389c9a4a381dd869198e5be430d798a600367463300caa33121d3,average_precision,0.29692199080756826,0.2567941103616799,0.040127880445888386
classification,4,states,1,2500,29cebc7f093389c9a4a381dd869198e5be430d798a600367463300caa33121d3,average_precision,0.29692199080756826,0.25313591966129606,0.0437860711462722
classification,4,states,2,2500,29cebc7f093389c9a4a381dd869198e5be430d798a600367463300caa33121d3,average_precision,0.29692199080756826,0.2568860495529608,0.040035941254607466
classification,4,distance,0,2500,29cebc7f093389c9a4a381dd869198e5be430d798a600367463300caa33121d3,average_precision,0.29692199080756826,0.2763394639945707,0.020582526812997548
classification,4,distance,1,2500,29cebc7f093389c9a4a381dd869198e5be430d798a600367463300caa33121d3,average_precision,0.29692199080756826,0.2751323299041003,0.021789660903467956
classification,4,distance,2,2500,29cebc7f093389c9a4a381dd869198e5be430d798a600367463300caa33121d3,average_precision,0.29692199080756826,0.2759525442923433,0.020969446515224976
classification,4,calendar,0,2500,29cebc7f093389c9a4a381dd869198e5be430d798a600367463300caa33121d3,average_precision,0.29692199080756826,0.24423809828294507,0.05268389252462319
classification,4,calendar,1,2500,29cebc7f093389c9a4a381dd869198e5be430d798a600367463300caa33121d3,average_precision,0.29692199080756826,0.2521441836626697,0.04477780714489854
classification,4,calendar,2,2500,29cebc7f093389c9a4a381dd869198e5be430d798a600367463300caa33121d3,average_precision,0.29692199080756826,0.2382794154418778,0.05864257536569045
classification,4,payment,0,2500,29cebc7f093389c9a4a381dd869198e5be430d798a600367463300caa33121d3,average_precision,0.29692199080756826,0.29963246297864354,-0.0027104721710752844
classification,4,payment,1,2500,29cebc7f093389c9a4a381dd869198e5be430d798a600367463300caa33121d3,average_precision,0.29692199080756826,0.2979837985996786,-0.0010618077921103475
classification,4,payment,2,2500,29cebc7f093389c9a4a381dd869198e5be430d798a600367463300caa33121d3,average_precision,0.29692199080756826,0.301678036486006,-0.004756045678437737
