task,candidate,family,mae_mean,mae_std,rmse_mean,rmse_std,r2_mean,r2_std,average_precision_mean,average_precision_std,roc_auc_mean,roc_auc_std,brier_mean,brier_std,accuracy_mean,accuracy_std,total_fit_seconds
classification,baseline_dummy,dummy,,,,,,,0.14728014316525812,2.1408952448771957e-05,0.5,0.0,0.12558870280075343,1.5103038783061334e-05,0.8527198568347419,2.140895244873695e-05,2.0709822489880025
classification,baseline_linear,linear,,,,,,,0.2973105442849543,0.0024693348066982955,0.6542671259369948,0.00831525288302411,0.117608014229532,0.00012841141132581985,0.8573057361367521,0.0007206865816035569,5.304790375026641
classification,baseline_tree,tree,,,,,,,0.2608726131096732,0.0042563239719079675,0.6194540354499771,0.008304390568456976,0.11855508776065611,0.00032314044827977075,0.8565709647851596,0.0007211407968984927,2.9278549570590258
classification,forest_d12_l20_half,forest,,,,,,,0.310244620374778,0.002561340308067992,0.660850703256073,0.010051461604453254,0.11671062564447868,0.0002736831590810266,0.8571410187944795,0.0010307554032358266,69.69098941696575
classification,forest_d16_l20_half,forest,,,,,,,0.3117694690515946,0.002933173491029783,0.664615172707326,0.010299175057418642,0.11654707028883246,0.0003469545209960345,0.8572930522400082,0.0006227021091353222,94.03889112488832
classification,forest_d8_l50_sqrt,forest,,,,,,,0.2943282910718733,0.0023696389721485195,0.6472063866853668,0.008379399695313794,0.11868697566937839,0.000349370120691027,0.8569256613489717,0.000827282837603244,9.568807793024462
classification,logistic_c001,logistic,,,,,,,0.29978555958995046,0.0036584058083476705,0.6543442879170291,0.008533631907932493,0.11755179554367834,0.00011593021455847958,0.8572930626713013,0.0007929478759913064,3.488540167105384
classification,logistic_c01,logistic,,,,,,,0.298837458596532,0.0031339862024514537,0.6551540598542767,0.008494207677788183,0.11750673012162802,0.00014222410183334824,0.8573564051257856,0.0007126416205275951,4.316450250917114
classification,logistic_c1,logistic,,,,,,,0.29764868870044303,0.0026732615017146574,0.6545539173442846,0.00846420930297551,0.11757775204586825,0.00013657584152072433,0.8572804028458189,0.0007391819298345748,5.030169626057614
classification,tree_d12_l20,tree,,,,,,,0.27084360372401567,0.0028750148452539883,0.6263607321266964,0.006998807672225279,0.1215270914318789,0.0003297045102077018,0.8506929729057958,0.0007639071897861774,5.192816499969922
classification,tree_d12_l20_pruned,tree,,,,,,,0.2367087161898847,0.008185042258143224,0.6032314288956961,0.005002388761430785,0.1193403271374962,0.0004627925321169829,0.8569256613489717,0.000827282837603244,5.605124916008208
classification,tree_d3_l200,tree,,,,,,,0.22840794086690958,0.0034537245495224857,0.593859781076995,0.004677403979960681,0.11961371928268398,0.00027563919091532364,0.8569256613489717,0.000827282837603244,2.548536124988459
classification,tree_d8_l50,tree,,,,,,,0.2798078539960925,0.004990268502363556,0.6373297409165269,0.010494705219997942,0.11833445068951427,0.000346988133033742,0.8549621150601764,0.0005935802327533632,3.7716652910457924
regression,baseline_dummy,dummy,6.08970887836746,0.07254804157240236,9.713962015877474,0.3036832317698841,-0.0605629414649303,0.001752551020529666,,,,,,,,,2.082608539989451
regression,baseline_linear,linear,4.992531694826921,0.07119754724558432,7.961864735738692,0.3004290967619494,0.28773024159341515,0.008797844447659194,,,,,,,,,6.023532958992291
regression,baseline_tree,tree,5.21938687618962,0.05300432064874916,8.265113060889417,0.29596358674744555,0.23237337620111248,0.006782992719610989,,,,,,,,,2.9888291240204126
regression,forest_d12_l20_half,forest,4.851052510190098,0.0710729967385869,7.849060233381783,0.30564497882196817,0.30779982620932966,0.01026665927964984,,,,,,,,,81.2028762071277
regression,forest_d16_l20_half,forest,4.807863285299417,0.0676126911412976,7.806653044974892,0.3003315555119453,0.3152467746630564,0.009532488743376356,,,,,,,,,116.56186487403465
regression,forest_d8_l50_sqrt,forest,5.286541547701753,0.06436674333001303,8.310265436785723,0.3053374834406731,0.22399555974742436,0.008290230678187282,,,,,,,,,8.43425866693724
regression,ridge_a1,ridge,4.991743561060311,0.07122042935619827,7.960335098457298,0.29945079676716324,0.28800143383845683,0.008535437108548692,,,,,,,,,5.521807792887557
regression,ridge_a100,ridge,4.991481994734984,0.07411144570213146,7.960024864883508,0.3014449478143539,0.28806515912952413,0.008803322686930988,,,,,,,,,3.0159406670136377
regression,tree_d12_l20,tree,5.0290212663870815,0.060695889947852695,8.090291556057212,0.2683209846416788,0.264396938286309,0.006796515910726821,,,,,,,,,5.391015459026676
regression,tree_d12_l20_pruned,tree,5.018945594135643,0.0712158821957361,8.023958393171586,0.3031986427990951,0.2765775789245891,0.009122747311177938,,,,,,,,,5.360094041971024
regression,tree_d3_l200,tree,5.375036867058734,0.06411511140977769,8.446432195181437,0.29312485417520956,0.19828344512404855,0.00559441779603539,,,,,,,,,2.556270999892149
regression,tree_d8_l50,tree,5.048761046625888,0.07054126128608018,8.052914101938658,0.2986412513434269,0.27132069612994947,0.008754836130761544,,,,,,,,,3.6856292079319246
