task,fold,fit_seconds,training_n,validation_n,training_groups,validation_groups,partition,n,mae,rmse,r2,negative_predictions,positives,negatives,prevalence,threshold,average_precision,roc_auc,brier,mean_probability,accuracy,precision_1,recall_1,f1_1,tn,fp,fn,tp,fpr,fnr,specificity,precision_defined,ranking_metrics_defined,candidate,family,source
regression,0,0.4628108330070972,61711,15428,59701.0,14925.0,training_resubstitution,61711,6.07609752253185,9.73393504552044,-0.0597482867081355,0.0,,,,,,,,,,,,,,,,,,,,,,baseline_dummy,dummy,reused_approved_stage3
regression,0,0.4628108330070972,61711,15428,59701.0,14925.0,validation,15428,6.1439928372475725,9.645859607302846,-0.0619392309009891,0.0,,,,,,,,,,,,,,,,,,,,,,baseline_dummy,dummy,reused_approved_stage3
regression,1,0.4047881659935228,61711,15428,59701.0,14925.0,training_resubstitution,61711,6.116613127454317,9.81297845262542,-0.0599738313582649,0.0,,,,,,,,,,,,,,,,,,,,,,baseline_dummy,dummy,reused_approved_stage3
regression,1,0.4047881659935228,61711,15428,59701.0,14925.0,validation,15428,5.981933795366049,9.319803554245713,-0.0611405057271983,0.0,,,,,,,,,,,,,,,,,,,,,,baseline_dummy,dummy,reused_approved_stage3
regression,2,0.3961859580012969,61711,15428,59701.0,14925.0,training_resubstitution,61711,6.077611551747784,9.6134565850093,-0.0609441121869283,0.0,,,,,,,,,,,,,,,,,,,,,,baseline_dummy,dummy,reused_approved_stage3
regression,2,0.3961859580012969,61711,15428,59701.0,14925.0,validation,15428,6.137932122271676,10.11889122062415,-0.0577211490361218,0.0,,,,,,,,,,,,,,,,,,,,,,baseline_dummy,dummy,reused_approved_stage3
regression,3,0.4178067079919856,61711,15428,59700.0,14926.0,training_resubstitution,61711,6.077630271585533,9.677567957026907,-0.0608402102962502,0.0,,,,,,,,,,,,,,,,,,,,,,baseline_dummy,dummy,reused_approved_stage3
regression,3,0.4178067079919856,61711,15428,59700.0,14926.0,validation,15428,6.137902121053353,9.88974016847595,-0.0618979735177538,0.0,,,,,,,,,,,,,,,,,,,,,,baseline_dummy,dummy,reused_approved_stage3
regression,4,0.4010168749955483,61712,15427,59701.0,14925.0,training_resubstitution,61712,6.100400082949531,9.7496171319668,-0.0609079746494078,0.0,,,,,,,,,,,,,,,,,,,,,,baseline_dummy,dummy,reused_approved_stage3
regression,4,0.4010168749955483,61712,15427,59701.0,14925.0,validation,15427,6.046783515898652,9.595515528738709,-0.0601158481425885,0.0,,,,,,,,,,,,,,,,,,,,,,baseline_dummy,dummy,reused_approved_stage3
regression,0,1.221527833986329,61711,15428,59701.0,14925.0,training_resubstitution,61711,4.96388769517363,7.958435372637744,0.291595643776064,5.0,,,,,,,,,,,,,,,,,,,,,,baseline_linear,linear,reused_approved_stage3
regression,0,1.221527833986329,61711,15428,59701.0,14925.0,validation,15428,5.042233631979349,7.872483946674064,0.2926385963974528,1.0,,,,,,,,,,,,,,,,,,,,,,baseline_linear,linear,reused_approved_stage3
regression,1,1.2039823750092182,61711,15428,59701.0,14925.0,training_resubstitution,61711,4.995259144213897,8.02873573525509,0.2904421977188347,5.0,,,,,,,,,,,,,,,,,,,,,,baseline_linear,linear,reused_approved_stage3
regression,1,1.2039823750092182,61711,15428,59701.0,14925.0,validation,15428,4.929854776658293,7.575222595035934,0.2989480945402333,1.0,,,,,,,,,,,,,,,,,,,,,,baseline_linear,linear,reused_approved_stage3
regression,2,1.1683539999939967,61711,15428,59701.0,14925.0,training_resubstitution,61711,4.95751135894451,7.834015680251976,0.2954655380546488,3.0,,,,,,,,,,,,,,,,,,,,,,baseline_linear,linear,reused_approved_stage3
regression,2,1.1683539999939967,61711,15428,59701.0,14925.0,validation,15428,5.047772721500295,8.361763578970832,0.2777274630777691,2.0,,,,,,,,,,,,,,,,,,,,,,baseline_linear,linear,reused_approved_stage3
regression,3,1.227345499995863,61711,15428,59700.0,14926.0,training_resubstitution,61711,4.963400647317201,7.890096673891571,0.2948489408841106,5.0,,,,,,,,,,,,,,,,,,,,,,baseline_linear,linear,reused_approved_stage3
regression,3,1.227345499995863,61711,15428,59700.0,14926.0,validation,15428,5.041871730579794,8.142637982508282,0.2801478895622538,2.0,,,,,,,,,,,,,,,,,,,,,,baseline_linear,linear,reused_approved_stage3
regression,4,1.2023232500068843,61712,15427,59701.0,14925.0,training_resubstitution,61712,4.993594047338115,7.960825125347018,0.2926754055373496,5.0,,,,,,,,,,,,,,,,,,,,,,baseline_linear,linear,reused_approved_stage3
regression,4,1.2023232500068843,61712,15427,59701.0,14925.0,validation,15427,4.900925613416871,7.857215575504346,0.2891891643893666,2.0,,,,,,,,,,,,,,,,,,,,,,baseline_linear,linear,reused_approved_stage3
regression,0,0.6080997500102967,61711,15428,59701.0,14925.0,training_resubstitution,61711,5.188176339708771,8.26118317128247,0.2366735019226373,0.0,,,,,,,,,,,,,,,,,,,,,,baseline_tree,tree,reused_approved_stage3
regression,0,0.6080997500102967,61711,15428,59701.0,14925.0,validation,15428,5.25380687245227,8.16871970588936,0.238402025150198,0.0,,,,,,,,,,,,,,,,,,,,,,baseline_tree,tree,reused_approved_stage3
regression,1,0.597244500007946,61711,15428,59701.0,14925.0,training_resubstitution,61711,5.2343610743742435,8.348646623133943,0.2327699387374682,0.0,,,,,,,,,,,,,,,,,,,,,,baseline_tree,tree,reused_approved_stage3
regression,1,0.597244500007946,61711,15428,59701.0,14925.0,validation,15428,5.167996878558131,7.902980746976017,0.2369706841374482,0.0,,,,,,,,,,,,,,,,,,,,,,baseline_tree,tree,reused_approved_stage3
regression,2,0.5978024160140194,61711,15428,59701.0,14925.0,training_resubstitution,61711,5.176003953825423,8.130750401870914,0.2410823961139087,0.0,,,,,,,,,,,,,,,,,,,,,,baseline_tree,tree,reused_approved_stage3
regression,2,0.5978024160140194,61711,15428,59701.0,14925.0,validation,15428,5.264558520293387,8.674663514972725,0.2226607280921452,0.0,,,,,,,,,,,,,,,,,,,,,,baseline_tree,tree,reused_approved_stage3
regression,3,0.5933994579827413,61711,15428,59700.0,14926.0,training_resubstitution,61711,5.188172708744063,8.199004883408621,0.2385527828873405,0.0,,,,,,,,,,,,,,,,,,,,,,baseline_tree,tree,reused_approved_stage3
regression,3,0.5933994579827413,61711,15428,59700.0,14926.0,validation,15428,5.2551559870105224,8.432805812729436,0.2279290211737215,0.0,,,,,,,,,,,,,,,,,,,,,,baseline_tree,tree,reused_approved_stage3
regression,4,0.5922830000054091,61712,15427,59701.0,14925.0,training_resubstitution,61712,5.233598636701056,8.276079273103807,0.2355450884850395,0.0,,,,,,,,,,,,,,,,,,,,,,baseline_tree,tree,reused_approved_stage3
regression,4,0.5922830000054091,61712,15427,59701.0,14925.0,validation,15427,5.155416122633788,8.146395523879548,0.2359044224520495,0.0,,,,,,,,,,,,,,,,,,,,,,baseline_tree,tree,reused_approved_stage3
regression,0,1.0501151669886895,61711,15428,,,training_resubstitution,61711,4.963834047973737,7.958504823804934,0.2915832796060346,5.0,,,,,,,,,,,,,,,,,,,,,,ridge_a1,ridge,stage4_search
regression,0,1.0501151669886895,61711,15428,,,validation,15428,5.042684090295019,7.87463781380574,0.2922514832812366,1.0,,,,,,,,,,,,,,,,,,,,,,ridge_a1,ridge,stage4_search
regression,1,1.1190371249685995,61711,15428,,,training_resubstitution,61711,4.995423933233373,8.030851765232013,0.2900681304963496,6.0,,,,,,,,,,,,,,,,,,,,,,ridge_a1,ridge,stage4_search
regression,1,1.1190371249685995,61711,15428,,,validation,15428,4.9289440018524155,7.573976902554251,0.2991786417679365,1.0,,,,,,,,,,,,,,,,,,,,,,ridge_a1,ridge,stage4_search
regression,2,1.0781119169550948,61711,15428,,,training_resubstitution,61711,4.9578524869634,7.8362659627920825,0.2950607317936583,3.0,,,,,,,,,,,,,,,,,,,,,,ridge_a1,ridge,stage4_search
regression,2,1.0781119169550948,61711,15428,,,validation,15428,5.047708879947053,8.361013238553182,0.27785708309297696,2.0,,,,,,,,,,,,,,,,,,,,,,ridge_a1,ridge,stage4_search
regression,3,1.1357946249772795,61711,15428,,,training_resubstitution,61711,4.9637759037075355,7.893164881317782,0.29430041265348805,5.0,,,,,,,,,,,,,,,,,,,,,,ridge_a1,ridge,stage4_search
regression,3,1.1357946249772795,61711,15428,,,validation,15428,5.039137795230623,8.135623382374646,0.28138761058319917,2.0,,,,,,,,,,,,,,,,,,,,,,ridge_a1,ridge,stage4_search
regression,4,1.138748958997894,61712,15427,,,training_resubstitution,61712,4.99381978471092,7.962963426774356,0.29229537550440143,4.0,,,,,,,,,,,,,,,,,,,,,,ridge_a1,ridge,stage4_search
regression,4,1.138748958997894,61712,15427,,,validation,15427,4.900243037976441,7.85642415499867,0.28933235046693484,2.0,,,,,,,,,,,,,,,,,,,,,,ridge_a1,ridge,stage4_search
regression,0,0.6010060420376249,61711,15428,,,training_resubstitution,61711,4.96670857159962,7.964271788191215,0.29055622884898313,4.0,,,,,,,,,,,,,,,,,,,,,,ridge_a100,ridge,stage4_search
regression,0,0.6010060420376249,61711,15428,,,validation,15428,5.04738377330515,7.879504351042894,0.2913764338176418,0.0,,,,,,,,,,,,,,,,,,,,,,ridge_a100,ridge,stage4_search
regression,1,0.6108461249968968,61711,15428,,,training_resubstitution,61711,4.999055903240454,8.037821839720777,0.2888352786164705,4.0,,,,,,,,,,,,,,,,,,,,,,ridge_a100,ridge,stage4_search
regression,1,0.6108461249968968,61711,15428,,,validation,15428,4.9253816951380225,7.570493077844011,0.29982321126577083,0.0,,,,,,,,,,,,,,,,,,,,,,ridge_a100,ridge,stage4_search
regression,2,0.5865395419532433,61711,15428,,,training_resubstitution,61711,4.961488285028214,7.84286723124179,0.29387255022272085,3.0,,,,,,,,,,,,,,,,,,,,,,ridge_a100,ridge,stage4_search
regression,2,0.5865395419532433,61711,15428,,,validation,15428,5.049258569675377,8.364063178589719,0.2773301387513246,2.0,,,,,,,,,,,,,,,,,,,,,,ridge_a100,ridge,stage4_search
regression,3,0.6081283329986036,61711,15428,,,training_resubstitution,61711,4.966728864372972,7.8996694597088535,0.29313683132010127,4.0,,,,,,,,,,,,,,,,,,,,,,ridge_a100,ridge,stage4_search
regression,3,0.6081283329986036,61711,15428,,,validation,15428,5.038424145002869,8.13415552373252,0.2816468964914137,1.0,,,,,,,,,,,,,,,,,,,,,,ridge_a100,ridge,stage4_search
regression,4,0.6094206250272691,61712,15427,,,training_resubstitution,61712,4.997366594249451,7.9699965511759014,0.29104469218994267,3.0,,,,,,,,,,,,,,,,,,,,,,ridge_a100,ridge,stage4_search
regression,4,0.6094206250272691,61712,15427,,,validation,15427,4.8969617905535054,7.851908193208392,0.2901491153214696,2.0,,,,,,,,,,,,,,,,,,,,,,ridge_a100,ridge,stage4_search
regression,0,0.541529374953825,61711,15428,,,training_resubstitution,61711,5.357148148775012,8.460856202409575,0.19932832787357246,0.0,,,,,,,,,,,,,,,,,,,,,,tree_d3_l200,tree,stage4_search
regression,0,0.541529374953825,61711,15428,,,validation,15428,5.411069218965176,8.348560307406268,0.20449856143726963,0.0,,,,,,,,,,,,,,,,,,,,,,tree_d3_l200,tree,stage4_search
regression,1,0.5110445829923265,61711,15428,,,training_resubstitution,61711,5.398229836909953,8.534798625393531,0.19817422947076513,0.0,,,,,,,,,,,,,,,,,,,,,,tree_d3_l200,tree,stage4_search
regression,1,0.5110445829923265,61711,15428,,,validation,15428,5.318817290451876,8.087736045645718,0.20087758200835704,0.0,,,,,,,,,,,,,,,,,,,,,,tree_d3_l200,tree,stage4_search
regression,2,0.49697812501108274,61711,15428,,,training_resubstitution,61711,5.346410825019411,8.331857707172572,0.2030757230482585,0.0,,,,,,,,,,,,,,,,,,,,,,tree_d3_l200,tree,stage4_search
regression,2,0.49697812501108274,61711,15428,,,validation,15428,5.439507046299089,8.8518752013752,0.19057633351321757,0.0,,,,,,,,,,,,,,,,,,,,,,tree_d3_l200,tree,stage4_search
regression,3,0.5035142919514328,61711,15428,,,training_resubstitution,61711,5.36045914068627,8.400906401742278,0.2005895782829622,0.0,,,,,,,,,,,,,,,,,,,,,,tree_d3_l200,tree,stage4_search
regression,3,0.5035142919514328,61711,15428,,,validation,15428,5.411406605909741,8.612984020188847,0.19458389076518534,0.0,,,,,,,,,,,,,,,,,,,,,,tree_d3_l200,tree,stage4_search
regression,4,0.5032046249834821,61712,15427,,,training_resubstitution,61712,5.38977301563896,8.470209954194464,0.19926107185445474,0.0,,,,,,,,,,,,,,,,,,,,,,tree_d3_l200,tree,stage4_search
regression,4,0.5032046249834821,61712,15427,,,validation,15427,5.294384173667783,8.33100540129115,0.20088085789621313,0.0,,,,,,,,,,,,,,,,,,,,,,tree_d3_l200,tree,stage4_search
regression,0,0.7376982079586014,61711,15428,,,training_resubstitution,61711,4.967894770416103,7.955189528830563,0.292173370649895,0.0,,,,,,,,,,,,,,,,,,,,,,tree_d8_l50,tree,stage4_search
regression,0,0.7376982079586014,61711,15428,,,validation,15428,5.097445390240756,7.9817102999663625,0.2728739339759563,0.0,,,,,,,,,,,,,,,,,,,,,,tree_d8_l50,tree,stage4_search
regression,1,0.7380912919761613,61711,15428,,,training_resubstitution,61711,5.021039134967153,8.07580456916784,0.28209817986071495,0.0,,,,,,,,,,,,,,,,,,,,,,tree_d8_l50,tree,stage4_search
regression,1,0.7380912919761613,61711,15428,,,validation,15428,4.999609074545624,7.676312411237812,0.28011245637532867,0.0,,,,,,,,,,,,,,,,,,,,,,tree_d8_l50,tree,stage4_search
regression,2,0.7304413749952801,61711,15428,,,training_resubstitution,61711,4.972486562479538,7.842973503821786,0.29385341372784,0.0,,,,,,,,,,,,,,,,,,,,,,tree_d8_l50,tree,stage4_search
regression,2,0.7304413749952801,61711,15428,,,validation,15428,5.0910402540453905,8.441078781688311,0.2639602978319391,0.0,,,,,,,,,,,,,,,,,,,,,,tree_d8_l50,tree,stage4_search
regression,3,0.7359019170398824,61711,15428,,,training_resubstitution,61711,4.970986091821359,7.903982378268464,0.29236477990291254,0.0,,,,,,,,,,,,,,,,,,,,,,tree_d8_l50,tree,stage4_search
regression,3,0.7359019170398824,61711,15428,,,validation,15428,5.1067747131004415,8.252141180750677,0.2606563832148783,0.0,,,,,,,,,,,,,,,,,,,,,,tree_d8_l50,tree,stage4_search
regression,4,0.7434964159619994,61712,15427,,,training_resubstitution,61712,5.010045453861433,7.979628353371598,0.2893301008712633,0.0,,,,,,,,,,,,,,,,,,,,,,tree_d8_l50,tree,stage4_search
regression,4,0.7434964159619994,61712,15427,,,validation,15427,4.948935801197226,7.9133278360501205,0.27900040925164515,0.0,,,,,,,,,,,,,,,,,,,,,,tree_d8_l50,tree,stage4_search
regression,0,1.0970243340125307,61711,15428,,,training_resubstitution,61711,4.736611617202981,7.627787999063504,0.34923668385834783,0.0,,,,,,,,,,,,,,,,,,,,,,tree_d12_l20,tree,stage4_search
regression,0,1.0970243340125307,61711,15428,,,validation,15428,5.068059252183036,8.011903067218977,0.2673624657989566,0.0,,,,,,,,,,,,,,,,,,,,,,tree_d12_l20,tree,stage4_search
regression,1,1.0590248749940656,61711,15428,,,training_resubstitution,61711,4.771871849877725,7.7147441396271725,0.3448563929173051,0.0,,,,,,,,,,,,,,,,,,,,,,tree_d12_l20,tree,stage4_search
regression,1,1.0590248749940656,61711,15428,,,validation,15428,4.984976310745413,7.752220311730689,0.26580471827989915,0.0,,,,,,,,,,,,,,,,,,,,,,tree_d12_l20,tree,stage4_search
regression,2,1.0603899999987334,61711,15428,,,training_resubstitution,61711,4.738438970832456,7.519461577800541,0.3509071019070703,0.0,,,,,,,,,,,,,,,,,,,,,,tree_d12_l20,tree,stage4_search
regression,2,1.0603899999987334,61711,15428,,,validation,15428,5.055102595111724,8.421138440893722,0.2674336801556928,0.0,,,,,,,,,,,,,,,,,,,,,,tree_d12_l20,tree,stage4_search
regression,3,1.0398423750302754,61711,15428,,,training_resubstitution,61711,4.7435476572259025,7.568181908408742,0.35121524254089165,0.0,,,,,,,,,,,,,,,,,,,,,,tree_d12_l20,tree,stage4_search
regression,3,1.0398423750302754,61711,15428,,,validation,15428,5.090490134487543,8.298057430796366,0.25240583795605487,0.0,,,,,,,,,,,,,,,,,,,,,,tree_d12_l20,tree,stage4_search
regression,4,1.1347338749910705,61712,15427,,,training_resubstitution,61712,4.773232874712226,7.631377256474978,0.35000736129919263,0.0,,,,,,,,,,,,,,,,,,,,,,tree_d12_l20,tree,stage4_search
regression,4,1.1347338749910705,61712,15427,,,validation,15427,4.946478039407693,7.9681385296463,0.2689779892409415,0.0,,,,,,,,,,,,,,,,,,,,,,tree_d12_l20,tree,stage4_search
regression,0,1.0624473339994438,61711,15428,,,training_resubstitution,61711,4.97651232798138,7.963002940550525,0.29078226441689925,0.0,,,,,,,,,,,,,,,,,,,,,,tree_d12_l20_pruned,tree,stage4_search
regression,0,1.0624473339994438,61711,15428,,,validation,15428,5.074461450531642,7.953199295463586,0.27805930593120654,0.0,,,,,,,,,,,,,,,,,,,,,,tree_d12_l20_pruned,tree,stage4_search
regression,1,1.0976141249993816,61711,15428,,,training_resubstitution,61711,5.013205435599859,8.02944032428733,0.2903176529339586,0.0,,,,,,,,,,,,,,,,,,,,,,tree_d12_l20_pruned,tree,stage4_search
regression,1,1.0976141249993816,61711,15428,,,validation,15428,4.965327419290175,7.637415465588421,0.2873895137941883,0.0,,,,,,,,,,,,,,,,,,,,,,tree_d12_l20_pruned,tree,stage4_search
regression,2,1.0707332089659758,61711,15428,,,training_resubstitution,61711,4.975031333473604,7.850916427083553,0.29242239822919713,0.0,,,,,,,,,,,,,,,,,,,,,,tree_d12_l20_pruned,tree,stage4_search
regression,2,1.0707332089659758,61711,15428,,,validation,15428,5.0655465102348405,8.423854056525983,0.26696113375934083,0.0,,,,,,,,,,,,,,,,,,,,,,tree_d12_l20_pruned,tree,stage4_search
regression,3,1.0493903330061585,61711,15428,,,training_resubstitution,61711,4.974738874759261,7.897262825683977,0.29356745739427814,0.0,,,,,,,,,,,,,,,,,,,,,,tree_d12_l20_pruned,tree,stage4_search
regression,3,1.0493903330061585,61711,15428,,,validation,15428,5.068798205388213,8.213489271447957,0.2675661333757048,0.0,,,,,,,,,,,,,,,,,,,,,,tree_d12_l20_pruned,tree,stage4_search
regression,4,1.0799090410000645,61712,15427,,,training_resubstitution,61712,5.014011125151355,7.965987077970727,0.2917578223132007,0.0,,,,,,,,,,,,,,,,,,,,,,tree_d12_l20_pruned,tree,stage4_search
regression,4,1.0799090410000645,61712,15427,,,validation,15427,4.920594385233346,7.891833876831988,0.28291180776250524,0.0,,,,,,,,,,,,,,,,,,,,,,tree_d12_l20_pruned,tree,stage4_search
regression,0,1.6909238749649376,61711,15428,,,training_resubstitution,61711,5.24471596166472,8.299145444325704,0.22964201789853045,0.0,,,,,,,,,,,,,,,,,,,,,,forest_d8_l50_sqrt,forest,stage4_search
regression,0,1.6909238749649376,61711,15428,,,validation,15428,5.327571414847814,8.209687613395785,0.23074370986716275,0.0,,,,,,,,,,,,,,,,,,,,,,forest_d8_l50_sqrt,forest,stage4_search
regression,1,1.658423832966946,61711,15428,,,training_resubstitution,61711,5.318896002315617,8.408901970294558,0.22165519296580827,0.0,,,,,,,,,,,,,,,,,,,,,,forest_d8_l50_sqrt,forest,stage4_search
regression,1,1.658423832966946,61711,15428,,,validation,15428,5.224093906924574,7.926891571746117,0.23234654019166545,0.0,,,,,,,,,,,,,,,,,,,,,,forest_d8_l50_sqrt,forest,stage4_search
regression,2,1.7465808340348303,61711,15428,,,training_resubstitution,61711,5.234030660605638,8.165448912873481,0.2345911132457037,0.0,,,,,,,,,,,,,,,,,,,,,,forest_d8_l50_sqrt,forest,stage4_search
regression,2,1.7465808340348303,61711,15428,,,validation,15428,5.333380344430797,8.719930770950581,0.21452673486470464,0.0,,,,,,,,,,,,,,,,,,,,,,forest_d8_l50_sqrt,forest,stage4_search
regression,3,1.665711999987252,61711,15428,,,training_resubstitution,61711,5.277467846293342,8.26932823157075,0.22543481098005347,0.0,,,,,,,,,,,,,,,,,,,,,,forest_d8_l50_sqrt,forest,stage4_search
regression,3,1.665711999987252,61711,15428,,,validation,15428,5.3389162328732835,8.49782067957587,0.21597817283479315,0.0,,,,,,,,,,,,,,,,,,,,,,forest_d8_l50_sqrt,forest,stage4_search
regression,4,1.6726181249832734,61712,15427,,,training_resubstitution,61712,5.287951892801265,8.314798342034258,0.2283754566247992,0.0,,,,,,,,,,,,,,,,,,,,,,forest_d8_l50_sqrt,forest,stage4_search
regression,4,1.6726181249832734,61712,15427,,,validation,15427,5.208745839432296,8.196996548260264,0.22638264097879568,0.0,,,,,,,,,,,,,,,,,,,,,,forest_d8_l50_sqrt,forest,stage4_search
regression,0,16.075690958008636,61711,15428,,,training_resubstitution,61711,4.668811356935457,7.588777979531318,0.35587592826795966,0.0,,,,,,,,,,,,,,,,,,,,,,forest_d12_l20_half,forest,stage4_search
regression,0,16.075690958008636,61711,15428,,,validation,15428,4.894830129668679,7.762920756042226,0.3121906144619865,0.0,,,,,,,,,,,,,,,,,,,,,,forest_d12_l20_half,forest,stage4_search
regression,1,16.21724708302645,61711,15428,,,training_resubstitution,61711,4.697704399361265,7.659456366679571,0.35421292885989963,0.0,,,,,,,,,,,,,,,,,,,,,,forest_d12_l20_half,forest,stage4_search
regression,1,16.21724708302645,61711,15428,,,validation,15428,4.809085069022779,7.479068281897366,0.31663241797394914,0.0,,,,,,,,,,,,,,,,,,,,,,forest_d12_l20_half,forest,stage4_search
regression,2,16.171480583027005,61711,15428,,,training_resubstitution,61711,4.66873386629648,7.48592191399392,0.35668459150829457,0.0,,,,,,,,,,,,,,,,,,,,,,forest_d12_l20_half,forest,stage4_search
regression,2,16.171480583027005,61711,15428,,,validation,15428,4.911675202665956,8.274668729410767,0.2926952642084413,0.0,,,,,,,,,,,,,,,,,,,,,,forest_d12_l20_half,forest,stage4_search
regression,3,16.315209083026275,61711,15428,,,training_resubstitution,61711,4.668613187026721,7.541297138340522,0.3558164660586688,0.0,,,,,,,,,,,,,,,,,,,,,,forest_d12_l20_half,forest,stage4_search
regression,3,16.315209083026275,61711,15428,,,validation,15428,4.893672701398402,8.018841831140033,0.30186996393256693,0.0,,,,,,,,,,,,,,,,,,,,,,forest_d12_l20_half,forest,stage4_search
regression,4,16.423248500039335,61712,15427,,,training_resubstitution,61712,4.696481681394373,7.6060070023099176,0.3543219343778299,0.0,,,,,,,,,,,,,,,,,,,,,,forest_d12_l20_half,forest,stage4_search
regression,4,16.423248500039335,61712,15427,,,validation,15427,4.7459994481946755,7.709801568418525,0.3156108704697044,0.0,,,,,,,,,,,,,,,,,,,,,,forest_d12_l20_half,forest,stage4_search
regression,0,23.182691292022355,61711,15428,,,training_resubstitution,61711,4.513354756678822,7.402988066776584,0.38702899191538853,0.0,,,,,,,,,,,,,,,,,,,,,,forest_d16_l20_half,forest,stage4_search
regression,0,23.182691292022355,61711,15428,,,validation,15428,4.8495883829545505,7.721545931721148,0.31950285058129435,0.0,,,,,,,,,,,,,,,,,,,,,,forest_d16_l20_half,forest,stage4_search
regression,1,23.56582012498984,61711,15428,,,training_resubstitution,61711,4.533418783858594,7.452947378461507,0.3885660309265494,0.0,,,,,,,,,,,,,,,,,,,,,,forest_d16_l20_half,forest,stage4_search
regression,1,23.56582012498984,61711,15428,,,validation,15428,4.771491366095785,7.4426799437027205,0.3232658961774457,0.0,,,,,,,,,,,,,,,,,,,,,,forest_d16_l20_half,forest,stage4_search
regression,2,23.223514916026033,61711,15428,,,training_resubstitution,61711,4.502985344724994,7.269611775628989,0.39332540991179155,0.0,,,,,,,,,,,,,,,,,,,,,,forest_d16_l20_half,forest,stage4_search
regression,2,23.223514916026033,61711,15428,,,validation,15428,4.867012641619584,8.22386120814279,0.3013544805559426,0.0,,,,,,,,,,,,,,,,,,,,,,forest_d16_l20_half,forest,stage4_search
regression,3,23.27375412499532,61711,15428,,,training_resubstitution,61711,4.5049309859762205,7.336305672120506,0.39036155025374186,0.0,,,,,,,,,,,,,,,,,,,,,,forest_d16_l20_half,forest,stage4_search
regression,3,23.27375412499532,61711,15428,,,validation,15428,4.845049287745834,7.9750783629435835,0.3094693705976409,0.0,,,,,,,,,,,,,,,,,,,,,,forest_d16_l20_half,forest,stage4_search
regression,4,23.316084416001104,61712,15427,,,training_resubstitution,61712,4.5356060537586975,7.4090964494861815,0.3873208684544862,0.0,,,,,,,,,,,,,,,,,,,,,,forest_d16_l20_half,forest,stage4_search
regression,4,23.316084416001104,61712,15427,,,validation,15427,4.706174748081335,7.670099778364222,0.3226412754029585,0.0,,,,,,,,,,,,,,,,,,,,,,forest_d16_l20_half,forest,stage4_search
classification,0,0.4099330419849138,63150,15788,61031.0,15248.0,training_resubstitution,63150,,,,,9301.0,53849.0,0.1472842438638163,0.5,0.1472842438638163,0.5,0.1255915953732802,0.1472842438638162,0.8527157561361837,0.0,0.0,0.0,53849.0,0.0,9301.0,0.0,0.0,1.0,1.0,False,True,baseline_dummy,dummy,reused_approved_stage3
classification,0,0.4099330419849138,63150,15788,61031.0,15248.0,validation,15788,,,,,2325.0,13463.0,0.1472637446161641,0.5,0.1472637446161641,0.5,0.1255771345580085,0.1472842438638162,0.8527362553838358,0.0,0.0,0.0,13463.0,0.0,2325.0,0.0,0.0,1.0,1.0,False,True,baseline_dummy,dummy,reused_approved_stage3
classification,1,0.411233250022633,63149,15789,61020.0,15259.0,training_resubstitution,63149,,,,,9300.0,53849.0,0.1472707406293052,0.5,0.1472707406293052,0.5,0.1255820695838012,0.1472707406293052,0.8527292593706947,0.0,0.0,0.0,53849.0,0.0,9300.0,0.0,0.0,1.0,1.0,False,True,baseline_dummy,dummy,reused_approved_stage3
classification,1,0.411233250022633,63149,15789,61020.0,15259.0,validation,15789,,,,,2326.0,13463.0,0.1473177528659193,0.5,0.1473177528659193,0.5,0.1256152347666056,0.1472707406293052,0.8526822471340807,0.0,0.0,0.0,13463.0,0.0,2326.0,0.0,0.0,1.0,1.0,False,True,baseline_dummy,dummy,reused_approved_stage3
classification,2,0.416174999991199,63151,15787,61021.0,15258.0,training_resubstitution,63151,,,,,9301.0,53850.0,0.1472819116086839,0.5,0.1472819116086839,0.5,0.1255899501215757,0.1472819116086839,0.852718088391316,0.0,0.0,0.0,53850.0,0.0,9301.0,0.0,0.0,1.0,1.0,False,True,baseline_dummy,dummy,reused_approved_stage3
classification,2,0.416174999991199,63151,15787,61021.0,15258.0,validation,15787,,,,,2325.0,13462.0,0.1472730727814024,0.5,0.1472730727814024,0.5,0.125583714893051,0.1472819116086839,0.8527269272185976,0.0,0.0,0.0,13462.0,0.0,2325.0,0.0,0.0,1.0,1.0,False,True,baseline_dummy,dummy,reused_approved_stage3
classification,3,0.4119159159890841,63151,15787,61024.0,15255.0,training_resubstitution,63151,,,,,9301.0,53850.0,0.1472819116086839,0.5,0.1472819116086839,0.5,0.1255899501215757,0.1472819116086839,0.852718088391316,0.0,0.0,0.0,53850.0,0.0,9301.0,0.0,0.0,1.0,1.0,False,True,baseline_dummy,dummy,reused_approved_stage3
classification,3,0.4119159159890841,63151,15787,61024.0,15255.0,validation,15787,,,,,2325.0,13462.0,0.1472730727814024,0.5,0.1472730727814024,0.5,0.125583714893051,0.1472819116086839,0.8527269272185976,0.0,0.0,0.0,13462.0,0.0,2325.0,0.0,0.0,1.0,1.0,False,True,baseline_dummy,dummy,reused_approved_stage3
classification,4,0.4217250410001725,63151,15787,61020.0,15259.0,training_resubstitution,63151,,,,,9301.0,53850.0,0.1472819116086839,0.5,0.1472819116086839,0.5,0.1255899501215757,0.1472819116086839,0.852718088391316,0.0,0.0,0.0,53850.0,0.0,9301.0,0.0,0.0,1.0,1.0,False,True,baseline_dummy,dummy,reused_approved_stage3
classification,4,0.4217250410001725,63151,15787,61020.0,15259.0,validation,15787,,,,,2325.0,13462.0,0.1472730727814024,0.5,0.1472730727814024,0.5,0.125583714893051,0.1472819116086839,0.8527269272185976,0.0,0.0,0.0,13462.0,0.0,2325.0,0.0,0.0,1.0,1.0,False,True,baseline_dummy,dummy,reused_approved_stage3
classification,0,1.060598541982472,63150,15788,61031.0,15248.0,training_resubstitution,63150,,,,,9301.0,53849.0,0.1472842438638163,0.5,0.30616108116109,0.6616548315989399,0.1168845881326933,0.1472910814290976,0.8578463974663499,0.6853546910755148,0.0644016772390065,0.1177395577395577,53574.0,275.0,8702.0,599.0,0.0051068729224312,0.9355983227609934,0.9948931270775688,True,True,baseline_linear,linear,reused_approved_stage3
classification,0,1.060598541982472,63150,15788,61031.0,15248.0,validation,15788,,,,,2325.0,13463.0,0.1472637446161641,0.5,0.2994220037672693,0.6637389771568273,0.1176132878358971,0.1477592842782611,0.8562199138586268,0.6222222222222222,0.0602150537634408,0.1098039215686274,13378.0,85.0,2185.0,140.0,0.0063136002376884,0.9397849462365592,0.9936863997623115,True,True,baseline_linear,linear,reused_approved_stage3
classification,1,1.17399866701453,63149,15789,61020.0,15259.0,training_resubstitution,63149,,,,,9300.0,53849.0,0.1472707406293052,0.5,0.3064630606141008,0.6665898768699492,0.1168499154991705,0.1472812855606288,0.8570998748990483,0.6547085201793722,0.0627956989247311,0.1145996860282574,53541.0,308.0,8716.0,584.0,0.0057196976731229,0.9372043010752688,0.994280302326877,True,True,baseline_linear,linear,reused_approved_stage3
classification,1,1.17399866701453,63149,15789,61020.0,15259.0,validation,15789,,,,,2326.0,13463.0,0.1473177528659193,0.5,0.294031897369324,0.6441115419101261,0.1177976149923538,0.1482356899117226,0.8577490658053075,0.65625,0.0722269991401547,0.1301316808675445,13375.0,88.0,2158.0,168.0,0.0065364331872539,0.9277730008598452,0.993463566812746,True,True,baseline_linear,linear,reused_approved_stage3
classification,2,1.0372553330089431,63151,15787,61021.0,15258.0,training_resubstitution,63151,,,,,9301.0,53850.0,0.1472819116086839,0.5,0.3052959802661372,0.6643776734702801,0.1169529570167438,0.1472582276819316,0.8574052667416193,0.6697247706422018,0.062788947425008,0.1148137225990366,53562.0,288.0,8717.0,584.0,0.0053481894150417,0.937211052574992,0.9946518105849582,True,True,baseline_linear,linear,reused_approved_stage3
classification,2,1.0372553330089431,63151,15787,61021.0,15258.0,validation,15787,,,,,2325.0,13462.0,0.1472730727814024,0.5,0.2998131039229663,0.6520810309545149,0.1174381561293141,0.1470155316302347,0.85779438778742,0.6834862385321101,0.0640860215053763,0.1171844278411325,13393.0,69.0,2176.0,149.0,0.0051255385529638,0.9359139784946237,0.994874461447036,True,True,baseline_linear,linear,reused_approved_stage3
classification,3,0.9939352080109528,63151,15787,61024.0,15255.0,training_resubstitution,63151,,,,,9301.0,53850.0,0.1472819116086839,0.5,0.3064340231792527,0.6628398649639514,0.1169086893746364,0.1473765558019186,0.8574844420515906,0.6700564971751413,0.0637565853134071,0.1164343216179069,53558.0,292.0,8708.0,593.0,0.005422469823584,0.9362434146865928,0.994577530176416,True,True,baseline_linear,linear,reused_approved_stage3
classification,3,0.9939352080109528,63151,15787,61024.0,15255.0,validation,15787,,,,,2325.0,13462.0,0.1472730727814024,0.5,0.2956358188082238,0.6618186116875379,0.1175752944525876,0.1460063135969307,0.8569075821878761,0.6571428571428571,0.0593548387096774,0.1088757396449704,13390.0,72.0,2187.0,138.0,0.0053483880552666,0.9406451612903226,0.9946516119447332,True,True,baseline_linear,linear,reused_approved_stage3
classification,4,1.0390026250097435,63151,15787,61020.0,15259.0,training_resubstitution,63151,,,,,9301.0,53850.0,0.1472819116086839,0.5,0.3056026278692316,0.665515203534888,0.1169056536486308,0.1473254678066813,0.8572152459976881,0.6617312072892938,0.0624664014622083,0.1141565969152176,53553.0,297.0,8720.0,581.0,0.0055153203342618,0.9375335985377916,0.9944846796657382,True,True,baseline_linear,linear,reused_approved_stage3
classification,4,1.0390026250097435,63151,15787,61020.0,15259.0,validation,15787,,,,,2325.0,13462.0,0.1472730727814024,0.5,0.297649897556988,0.6495854679759674,0.1176157177375074,0.1476631002056082,0.8578577310445303,0.7055837563451777,0.0597849462365591,0.1102299762093576,13404.0,58.0,2186.0,139.0,0.004308423711187,0.9402150537634408,0.995691576288813,True,True,baseline_linear,linear,reused_approved_stage3
classification,0,0.5853945830021985,63150,15788,61031.0,15248.0,training_resubstitution,63150,,,,,9301.0,53849.0,0.1472842438638163,0.5,0.2665447436141079,0.6200903796760732,0.1181651773601695,0.1472842438638163,0.857624703087886,0.6894865525672371,0.0606386410063434,0.1114734657574859,53595.0,254.0,8737.0,564.0,0.0047168935356274,0.9393613589936566,0.9952831064643726,True,True,baseline_tree,tree,reused_approved_stage3
classification,0,0.5853945830021985,63150,15788,61031.0,15248.0,validation,15788,,,,,2325.0,13463.0,0.1472637446161641,0.5,0.2649808197535632,0.6332164219098301,0.1182016094573972,0.1487038484215115,0.8561565746136306,0.6261682242990654,0.0576344086021505,0.1055533674675068,13383.0,80.0,2191.0,134.0,0.0059422119884126,0.9423655913978496,0.9940577880115872,True,True,baseline_tree,tree,reused_approved_stage3
classification,1,0.5881141250138171,63149,15789,61020.0,15259.0,training_resubstitution,63149,,,,,9300.0,53849.0,0.1472707406293052,0.5,0.2658760623399483,0.6268050144999248,0.1180613954895607,0.1472707406293052,0.8572582305341335,0.6441532258064516,0.0687096774193548,0.1241741158181111,53496.0,353.0,8661.0,639.0,0.0065553677877026,0.9312903225806451,0.9934446322122974,True,True,baseline_tree,tree,reused_approved_stage3
classification,1,0.5881141250138171,63149,15789,61020.0,15259.0,validation,15789,,,,,2326.0,13463.0,0.1473177528659193,0.5,0.2607152528741246,0.6123893810679107,0.1185379837696123,0.1479182027406039,0.8573690544049655,0.635036496350365,0.0748065348237317,0.1338461538461538,13363.0,100.0,2152.0,174.0,0.0074277649855158,0.9251934651762684,0.992572235014484,True,True,baseline_tree,tree,reused_approved_stage3
classification,2,0.5862256660184357,63151,15787,61021.0,15258.0,training_resubstitution,63151,,,,,9301.0,53850.0,0.1472819116086839,0.5,0.267513215617027,0.6236125886564647,0.118048202762719,0.1472819116086839,0.857452771927602,0.7430894308943089,0.0491345016664874,0.0921742638160548,53692.0,158.0,8844.0,457.0,0.0029340761374187,0.9508654983335124,0.9970659238625812,True,True,baseline_tree,tree,reused_approved_stage3
classification,2,0.5862256660184357,63151,15787,61021.0,15258.0,validation,15787,,,,,2325.0,13462.0,0.1472730727814024,0.5,0.2614501124320944,0.6205259727500587,0.1185742962570354,0.1469781906914192,0.856654209159435,0.7152777777777778,0.0443010752688172,0.0834345889023896,13421.0,41.0,2222.0,103.0,0.0030456098648046,0.9556989247311828,0.9969543901351954,True,True,baseline_tree,tree,reused_approved_stage3
classification,3,0.5855816250259522,63151,15787,61024.0,15255.0,training_resubstitution,63151,,,,,9301.0,53850.0,0.1472819116086839,0.5,0.2693801908043546,0.6230563630851287,0.1178456868872952,0.1472819116086839,0.8575477822995677,0.6445497630331753,0.0731104182345984,0.1313248358439551,53475.0,375.0,8621.0,680.0,0.0069637883008356,0.9268895817654016,0.9930362116991645,True,True,baseline_tree,tree,reused_approved_stage3
classification,3,0.5855816250259522,63151,15787,61024.0,15255.0,validation,15787,,,,,2325.0,13462.0,0.1472730727814024,0.5,0.2538662578381278,0.6139558103015577,0.1190701408339831,0.1465652044391353,0.8555773737885602,0.5868725868725869,0.0653763440860215,0.1176470588235294,13355.0,107.0,2173.0,152.0,0.0079482989154657,0.9346236559139784,0.9920517010845342,True,True,baseline_tree,tree,reused_approved_stage3
classification,4,0.5825389579986222,63151,15787,61020.0,15259.0,training_resubstitution,63151,,,,,9301.0,53850.0,0.1472819116086839,0.5,0.2672840036211566,0.6245377515042411,0.1180390354643135,0.1472819116086839,0.8574211018036135,0.6732788798133023,0.0620363401784754,0.113605040362276,53570.0,280.0,8724.0,577.0,0.0051996285979572,0.9379636598215244,0.9948003714020428,True,True,baseline_tree,tree,reused_approved_stage3
classification,4,0.5825389579986222,63151,15787,61020.0,15259.0,validation,15787,,,,,2325.0,13462.0,0.1472730727814024,0.5,0.263350622650456,0.6171825912205283,0.1183914084852525,0.146915219312744,0.857097611959207,0.6575342465753424,0.0619354838709677,0.1132075471698113,13387.0,75.0,2181.0,144.0,0.0055712375575694,0.9380645161290324,0.9944287624424304,True,True,baseline_tree,tree,reused_approved_stage3
classification,0,0.7019890830270015,63150,15788,,,training_resubstitution,63150,,,,,9301.0,53849.0,0.1472842438638163,0.5,0.3038925813823774,0.6574210272474459,0.11722144286853088,0.14718720403701702,0.8575296912114014,0.6849148418491484,0.06053112568541017,0.11123184826632421,53590.0,259.0,8738.0,563.0,0.004809745770580698,0.9394688743145898,0.9951902542294193,True,True,logistic_c001,logistic,stage4_search
classification,0,0.7019890830270015,63150,15788,,,validation,15788,,,,,2325.0,13463.0,0.14726374461616418,0.5,0.3039214945709048,0.665113832495114,0.1174835874515007,0.14766519677400644,0.855966556878642,0.6208530805687204,0.056344086021505375,0.10331230283911672,13383.0,80.0,2194.0,131.0,0.005942211988412687,0.9436559139784946,0.9940577880115873,True,True,logistic_c001,logistic,stage4_search
classification,1,0.7155681250151247,63149,15789,,,training_resubstitution,63149,,,,,9300.0,53849.0,0.14727074062930529,0.5,0.3050500590709323,0.6623163677323907,0.11715376930976247,0.14725264045844136,0.8570365326450142,0.66,0.06032258064516129,0.11054187192118227,53560.0,289.0,8739.0,561.0,0.00536685918030047,0.9396774193548387,0.9946331408196996,True,True,logistic_c001,logistic,stage4_search
classification,1,0.7155681250151247,63149,15789,,,validation,15789,,,,,2326.0,13463.0,0.1473177528659193,0.5,0.29521518007619374,0.6439393557157929,0.11766334139742052,0.14824840920121907,0.8580657419722592,0.6748971193415638,0.0705073086844368,0.12767613857532115,13384.0,79.0,2162.0,164.0,0.005867934338557528,0.9294926913155632,0.9941320656614425,True,True,logistic_c001,logistic,stage4_search
classification,2,0.6770757920457982,63151,15787,,,training_resubstitution,63151,,,,,9301.0,53850.0,0.14728191160868395,0.5,0.30435867719491627,0.6606271058203325,0.11722715714752649,0.14727843940390953,0.857326091431648,0.6767922235722965,0.059886033759810775,0.11003555906756222,53584.0,266.0,8744.0,557.0,0.004939647168059424,0.9401139662401893,0.9950603528319406,True,True,logistic_c001,logistic,stage4_search
classification,2,0.6770757920457982,63151,15787,,,validation,15787,,,,,2325.0,13462.0,0.14727307278140242,0.5,0.30095369245531134,0.6530004488939796,0.11746094650188588,0.14699172107791342,0.8572876417305377,0.6747572815533981,0.05978494623655914,0.10983800869221652,13395.0,67.0,2186.0,139.0,0.00497697221809538,0.9402150537634408,0.9950230277819047,True,True,logistic_c001,logistic,stage4_search
classification,3,0.6692413340206258,63151,15787,,,training_resubstitution,63151,,,,,9301.0,53850.0,0.14728191160868395,0.5,0.3053372077951954,0.6587860581878507,0.11716854109555923,0.14719786835066723,0.8572469161216766,0.669833729216152,0.060638641006343405,0.11120970127181307,53572.0,278.0,8737.0,564.0,0.005162488393686165,0.9393613589936566,0.9948375116063138,True,True,logistic_c001,logistic,stage4_search
classification,3,0.6692413340206258,63151,15787,,,validation,15787,,,,,2325.0,13462.0,0.14727307278140242,0.5,0.29678169802782817,0.6605242634384639,0.11769234636347806,0.1460280549902545,0.8575410147589789,0.6979166666666666,0.057634408602150536,0.10647596344854986,13404.0,58.0,2191.0,134.0,0.004308423711187045,0.9423655913978495,0.995691576288813,True,True,logistic_c001,logistic,stage4_search
classification,4,0.7246658329968341,63151,15787,,,training_resubstitution,63151,,,,,9301.0,53850.0,0.14728191160868395,0.5,0.3037357104515697,0.661272581087466,0.11721139873278108,0.1472855408393756,0.8571835758736995,0.6686602870813397,0.060101064401677236,0.11028904014994574,53573.0,277.0,8742.0,559.0,0.005143918291550604,0.9398989355983227,0.9948560817084494,True,True,logistic_c001,logistic,stage4_search
classification,4,0.7246658329968341,63151,15787,,,validation,15787,,,,,2325.0,13462.0,0.14727307278140242,0.5,0.30205573281951403,0.649143539041795,0.11745875600410653,0.14728125668948158,0.8576043580160891,0.7015706806282722,0.057634408602150536,0.10651828298887123,13405.0,57.0,2191.0,134.0,0.004234140543752786,0.9423655913978495,0.9957658594562472,True,True,logistic_c001,logistic,stage4_search
classification,0,0.8667926249909215,63150,15788,,,training_resubstitution,63150,,,,,9301.0,53849.0,0.1472842438638163,0.5,0.3058268111119985,0.6607556094654684,0.1169524350928856,0.14733998435829848,0.8577672209026128,0.6865497076023391,0.06311149338780776,0.11559669161087043,53581.0,268.0,8714.0,587.0,0.0049768797934966295,0.9368885066121923,0.9950231202065034,True,True,logistic_c01,logistic,stage4_search
classification,0,0.8667926249909215,63150,15788,,,validation,15788,,,,,2325.0,13463.0,0.14726374461616418,0.5,0.3014450889162642,0.6652156807307004,0.11747609940424876,0.14783170314053132,0.856283253103623,0.6284403669724771,0.058924731182795696,0.10774675580023595,13382.0,81.0,2188.0,137.0,0.0060164896382678456,0.9410752688172043,0.9939835103617322,True,True,logistic_c01,logistic,stage4_search
classification,1,0.8541075419634581,63149,15789,,,training_resubstitution,63149,,,,,9300.0,53849.0,0.14727074062930529,0.5,0.3063756653851797,0.6657754988710965,0.1169008412708746,0.1472949109035682,0.8572265594071165,0.6613636363636364,0.06258064516129032,0.1143418467583497,53551.0,298.0,8718.0,582.0,0.005533993203216401,0.9374193548387096,0.9944660067967837,True,True,logistic_c01,logistic,stage4_search
classification,1,0.8541075419634581,63149,15789,,,validation,15789,,,,,2326.0,13463.0,0.1473177528659193,0.5,0.29451946699916454,0.6445028567516246,0.11772266342921311,0.1482743489191185,0.8579390715054785,0.6653386454183267,0.07179707652622527,0.1296080714008537,13379.0,84.0,2159.0,167.0,0.006239322587833321,0.9282029234737748,0.9937606774121667,True,True,logistic_c01,logistic,stage4_search
classification,2,0.8402321249595843,63151,15787,,,training_resubstitution,63151,,,,,9301.0,53850.0,0.14728191160868395,0.5,0.30533817493341026,0.6637663415551108,0.11700200452688879,0.14731414039924695,0.857389431679625,0.6713124274099884,0.062143855499408665,0.1137571344223578,53567.0,283.0,8723.0,578.0,0.005255338904363974,0.9378561445005913,0.994744661095636,True,True,logistic_c01,logistic,stage4_search
classification,2,0.8402321249595843,63151,15787,,,validation,15787,,,,,2325.0,13462.0,0.14727307278140242,0.5,0.3013568033803268,0.6537119698138768,0.11733505671211908,0.14704603648433406,0.8578577310445303,0.6866359447004609,0.06408602150537634,0.11723052714398112,13394.0,68.0,2176.0,149.0,0.005051255385529639,0.9359139784946237,0.9949487446144704,True,True,logistic_c01,logistic,stage4_search
classification,3,0.8742186670424417,63151,15787,,,training_resubstitution,63151,,,,,9301.0,53850.0,0.14728191160868395,0.5,0.3064895904479378,0.6620753581572932,0.11694721899058982,0.14729109214456265,0.8574052667416193,0.6693363844393593,0.0628964627459413,0.11498771498771498,53561.0,289.0,8716.0,585.0,0.005366759517177345,0.9371035372540587,0.9946332404828226,True,True,logistic_c01,logistic,stage4_search
classification,3,0.8742186670424417,63151,15787,,,validation,15787,,,,,2325.0,13462.0,0.14727307278140242,0.5,0.29653977305344437,0.6620766059142181,0.11754339374180935,0.14596192054044463,0.8569709254449864,0.6602870813397129,0.05935483870967742,0.10891870560378848,13391.0,71.0,2187.0,138.0,0.005274104887832417,0.9406451612903226,0.9947258951121676,True,True,logistic_c01,logistic,stage4_search
classification,4,0.8810992919607088,63151,15787,,,training_resubstitution,63151,,,,,9301.0,53850.0,0.14728191160868395,0.5,0.3053513302690797,0.6646633367864019,0.11696389026287338,0.1472409541987873,0.8572310810596824,0.6655052264808362,0.0616062788947425,0.11277307616610903,53562.0,288.0,8728.0,573.0,0.005348189415041783,0.9383937211052575,0.9946518105849582,True,True,logistic_c01,logistic,stage4_search
classification,4,0.8810992919607088,63151,15787,,,validation,15787,,,,,2325.0,13462.0,0.14727307278140242,0.5,0.30032616063346007,0.6502631860609633,0.11745643732074978,0.1474315300238127,0.8577310445303098,0.7025641025641025,0.058924731182795696,0.10873015873015873,13404.0,58.0,2188.0,137.0,0.004308423711187045,0.9410752688172043,0.995691576288813,True,True,logistic_c01,logistic,stage4_search
classification,0,1.0034696250222623,63150,15788,,,training_resubstitution,63150,,,,,9301.0,53849.0,0.1472842438638163,0.5,0.30608294512482903,0.6616998950317513,0.11689209619159922,0.14735660118940444,0.8578780680918449,0.6869266055045872,0.06440167723900656,0.11776270520003931,53576.0,273.0,8702.0,599.0,0.005069732028449925,0.9355983227609934,0.99493026797155,True,True,logistic_c1,logistic,stage4_search
classification,0,1.0034696250222623,63150,15788,,,validation,15788,,,,,2325.0,13463.0,0.14726374461616418,0.5,0.29979115337979384,0.6645007942916429,0.11757558850968104,0.1478173111772088,0.8561565746136306,0.6205357142857143,0.05978494623655914,0.1090623774029031,13378.0,85.0,2186.0,139.0,0.00631360023768848,0.9402150537634408,0.9936863997623115,True,True,logistic_c1,logistic,stage4_search
classification,1,1.0140318340272643,63149,15789,,,training_resubstitution,63149,,,,,9300.0,53849.0,0.14727074062930529,0.5,0.306412252982558,0.6664929730826363,0.11685901327517514,0.14731852620220956,0.8571315460260653,0.6561797752808989,0.06279569892473118,0.11462217860647694,53543.0,306.0,8716.0,584.0,0.005682556779141674,0.9372043010752689,0.9943174432208584,True,True,logistic_c1,logistic,stage4_search
classification,1,1.0140318340272643,63149,15789,,,validation,15789,,,,,2326.0,13463.0,0.1473177528659193,0.5,0.2939692008085314,0.6441490639387503,0.11778770369216401,0.14827795465607024,0.8576223953385268,0.6547619047619048,0.0709372312983663,0.12800620636152055,13376.0,87.0,2161.0,165.0,0.006462155537398796,0.9290627687016337,0.9935378444626012,True,True,logistic_c1,logistic,stage4_search
classification,2,0.9907640829915181,63151,15787,,,training_resubstitution,63151,,,,,9301.0,53850.0,0.14728191160868395,0.5,0.3054250619532709,0.6642994717972938,0.11695393067238803,0.14725881770329413,0.8573102563696536,0.665903890160183,0.0625739167831416,0.11439803439803439,53558.0,292.0,8719.0,582.0,0.00542246982358403,0.9374260832168584,0.9945775301764159,True,True,logistic_c1,logistic,stage4_search
classification,2,0.9907640829915181,63151,15787,,,validation,15787,,,,,2325.0,13462.0,0.14727307278140242,0.5,0.30018292101066396,0.6523136251303949,0.11740477366578787,0.14700589926001117,0.8578577310445303,0.684931506849315,0.06451612903225806,0.1179245283018868,13393.0,69.0,2175.0,150.0,0.005125538552963898,0.9354838709677419,0.9948744614470361,True,True,logistic_c1,logistic,stage4_search
classification,3,1.070680791977793,63151,15787,,,training_resubstitution,63151,,,,,9301.0,53850.0,0.14728191160868395,0.5,0.3066325568617316,0.6627924663804982,0.11690487779064215,0.147323513159779,0.8574369368656078,0.6689342403628118,0.06343403935060746,0.11587940685456152,53558.0,292.0,8711.0,590.0,0.00542246982358403,0.9365659606493926,0.9945775301764159,True,True,logistic_c1,logistic,stage4_search
classification,3,1.070680791977793,63151,15787,,,validation,15787,,,,,2325.0,13462.0,0.14727307278140242,0.5,0.29582023908868027,0.661849091748498,0.11756055771552248,0.14596436870301616,0.8569075821878761,0.6571428571428571,0.05935483870967742,0.10887573964497041,13390.0,72.0,2187.0,138.0,0.005348388055266677,0.9406451612903226,0.9946516119447333,True,True,logistic_c1,logistic,stage4_search
classification,4,0.951223292038776,63151,15787,,,training_resubstitution,63151,,,,,9301.0,53850.0,0.14728191160868395,0.5,0.3056977922191353,0.6653835536698612,0.11690994056672838,0.1472717668964286,0.8571994109356939,0.6620847651775487,0.062143855499408665,0.1136229604875172,53555.0,295.0,8723.0,578.0,0.005478180129990715,0.9378561445005913,0.9945218198700093,True,True,logistic_c1,logistic,stage4_search
classification,4,0.951223292038776,63151,15787,,,validation,15787,,,,,2325.0,13462.0,0.14727307278140242,0.5,0.2984799292145457,0.6499570116121365,0.11756013664618578,0.14755798930207809,0.8578577310445303,0.7055837563451777,0.05978494623655914,0.11022997620935765,13404.0,58.0,2186.0,139.0,0.004308423711187045,0.9402150537634408,0.995691576288813,True,True,logistic_c1,logistic,stage4_search
classification,0,0.5032640830031596,63150,15788,,,training_resubstitution,63150,,,,,9301.0,53849.0,0.1472842438638163,0.5,0.23018510477843748,0.5951651031635451,0.11945768076901735,0.1472842438638163,0.8570863024544735,0.7863070539419087,0.0407483066336953,0.07748134519063682,53746.0,103.0,8922.0,379.0,0.0019127560400378836,0.9592516933663047,0.9980872439599621,True,True,tree_d3_l200,tree,stage4_search
classification,0,0.5032640830031596,63150,15788,,,validation,15788,,,,,2325.0,13463.0,0.14726374461616418,0.5,0.2282177175833627,0.6009953684291235,0.1196995034909294,0.1484313792622852,0.856283253103623,0.7295081967213115,0.038279569892473116,0.07274213322435635,13430.0,33.0,2236.0,89.0,0.0024511624452202333,0.9617204301075268,0.9975488375547797,True,True,tree_d3_l200,tree,stage4_search
classification,1,0.5087878329795785,63149,15789,,,training_resubstitution,63149,,,,,9300.0,53849.0,0.14727074062930529,0.5,0.2269862167214568,0.5937174740118576,0.11962572942674542,0.14727074062930529,0.8565773013032669,0.7612903225806451,0.03806451612903226,0.07250384024577573,53738.0,111.0,8946.0,354.0,0.002061319615963156,0.9619354838709677,0.9979386803840369,True,True,tree_d3_l200,tree,stage4_search
classification,1,0.5087878329795785,63149,15789,,,validation,15789,,,,,2326.0,13463.0,0.1473177528659193,0.5,0.23243947415688718,0.5880004616327198,0.11932828627210845,0.14823003522570533,0.8583190829058205,0.8201438848920863,0.049011177987962166,0.09249492900608519,13438.0,25.0,2212.0,114.0,0.0018569412463789645,0.9509888220120378,0.9981430587536211,True,True,tree_d3_l200,tree,stage4_search
classification,2,0.505255667027086,63151,15787,,,training_resubstitution,63151,,,,,9301.0,53850.0,0.14728191160868395,0.5,0.23080712888688765,0.5969662900036606,0.11942128439521256,0.14728191160868395,0.8570410603157511,0.7780040733197556,0.041070852596495,0.07802287581699346,53741.0,109.0,8919.0,382.0,0.0020241411327762302,0.958929147403505,0.9979758588672237,True,True,tree_d3_l200,tree,stage4_search
classification,2,0.505255667027086,63151,15787,,,validation,15787,,,,,2325.0,13462.0,0.14727307278140242,0.5,0.22505643378389079,0.5937764763579843,0.11984783437900579,0.1471535386358849,0.8564641793881042,0.7610619469026548,0.036989247311827955,0.07054963084495489,13435.0,27.0,2239.0,86.0,0.002005645520725004,0.963010752688172,0.997994354479275,True,True,tree_d3_l200,tree,stage4_search
classification,3,0.520241541962605,63151,15787,,,training_resubstitution,63151,,,,,9301.0,53850.0,0.14728191160868395,0.5,0.2307413716711401,0.5968774026854073,0.1194146641988265,0.14728191160868398,0.8570252252537569,0.779835390946502,0.0407483066336953,0.07744967814447737,53743.0,107.0,8922.0,379.0,0.0019870009285051066,0.9592516933663047,0.9980129990714949,True,True,tree_d3_l200,tree,stage4_search
classification,3,0.520241541962605,63151,15787,,,validation,15787,,,,,2325.0,13462.0,0.14727307278140242,0.5,0.22499516517232437,0.5941424128131276,0.11987903974062603,0.1465536197318638,0.8565275226452144,0.7542372881355932,0.038279569892473116,0.07286123618501841,13433.0,29.0,2236.0,89.0,0.0021542118555935223,0.9617204301075268,0.9978457881444065,True,True,tree_d3_l200,tree,stage4_search
classification,4,0.5109870000160299,63151,15787,,,training_resubstitution,63151,,,,,9301.0,53850.0,0.14728191160868395,0.5,0.22941192273355704,0.5973135135777276,0.11955595339178285,0.14728191160868395,0.8568985447578027,0.7682926829268293,0.04064079131276207,0.07719799857040743,53736.0,114.0,8923.0,378.0,0.002116991643454039,0.9593592086872379,0.997883008356546,True,True,tree_d3_l200,tree,stage4_search
classification,4,0.5109870000160299,63151,15787,,,validation,15787,,,,,2325.0,13462.0,0.14727307278140242,0.5,0.23133091363808272,0.59238418615202,0.11931393253075026,0.1465701540696432,0.8570342687020966,0.8035714285714286,0.03870967741935484,0.07386130488305294,13440.0,22.0,2235.0,90.0,0.0016342296835537068,0.9612903225806452,0.9983657703164462,True,True,tree_d3_l200,tree,stage4_search
classification,0,0.7163210419821553,63150,15788,,,training_resubstitution,63150,,,,,9301.0,53849.0,0.1472842438638163,0.5,0.30838953755560455,0.6486083538432018,0.11577504761927973,0.1472842438638163,0.8587490102929533,0.6444275966641395,0.09138802279324804,0.160075329566855,53380.0,469.0,8451.0,850.0,0.0087095396386191,0.9086119772067519,0.9912904603613809,True,True,tree_d8_l50,tree,stage4_search
classification,0,0.7163210419821553,63150,15788,,,validation,15788,,,,,2325.0,13463.0,0.14726374461616418,0.5,0.2864470117697573,0.6510083470507381,0.11791496377373807,0.14842944927621168,0.8541297187737522,0.53125,0.08043010752688172,0.13970862906238327,13298.0,165.0,2138.0,187.0,0.012255812226101167,0.9195698924731183,0.9877441877738988,True,True,tree_d8_l50,tree,stage4_search
classification,1,0.7452334580011666,63149,15789,,,training_resubstitution,63149,,,,,9300.0,53849.0,0.14727074062930529,0.5,0.30722806543429476,0.6544355412796077,0.1156821499486672,0.14727074062930529,0.858414226670256,0.6303558460421206,0.09333333333333334,0.16259248852673971,53340.0,509.0,8432.0,868.0,0.009452357518245464,0.9066666666666666,0.9905476424817545,True,True,tree_d8_l50,tree,stage4_search
classification,1,0.7452334580011666,63149,15789,,,validation,15789,,,,,2326.0,13463.0,0.1473177528659193,0.5,0.2789702798725494,0.6234864172491736,0.11856168845906072,0.14766423099906248,0.8556590031034265,0.5685131195335277,0.08383490971625107,0.14612214312476582,13315.0,148.0,2131.0,195.0,0.01099309217856347,0.9161650902837489,0.9890069078214365,True,True,tree_d8_l50,tree,stage4_search
classification,2,0.7594572910456918,63151,15787,,,training_resubstitution,63151,,,,,9301.0,53850.0,0.14728191160868395,0.5,0.30402372668609196,0.6521441549849822,0.11584608472263193,0.14728191160868395,0.858687906763155,0.6773283160865475,0.07741103107192775,0.13894249324585103,53507.0,343.0,8581.0,720.0,0.006369545032497679,0.9225889689280723,0.9936304549675024,True,True,tree_d8_l50,tree,stage4_search
classification,2,0.7594572910456918,63151,15787,,,validation,15787,,,,,2325.0,13462.0,0.14727307278140242,0.5,0.2725604476571409,0.6318124933105211,0.11867735004177746,0.1470263499851157,0.8553873440172294,0.5801526717557252,0.06537634408602151,0.11751063007344414,13352.0,110.0,2173.0,152.0,0.008171148417768533,0.9346236559139784,0.9918288515822314,True,True,tree_d8_l50,tree,stage4_search
classification,3,0.7804293329827487,63151,15787,,,training_resubstitution,63151,,,,,9301.0,53850.0,0.14728191160868395,0.5,0.3092556214325538,0.6511863062817,0.11571253332996075,0.14728191160868395,0.8588462573830976,0.6574450772986168,0.08687237931405226,0.15346628679962013,53429.0,421.0,8493.0,808.0,0.007818012999071495,0.9131276206859478,0.9921819870009285,True,True,tree_d8_l50,tree,stage4_search
classification,3,0.7804293329827487,63151,15787,,,validation,15787,,,,,2325.0,13462.0,0.14727307278140242,0.5,0.27973670228223024,0.6429303511437211,0.11850919465033556,0.14729749279153878,0.8547539114461266,0.5509554140127388,0.07440860215053763,0.13111026904130352,13321.0,141.0,2152.0,173.0,0.010473926608230575,0.9255913978494623,0.9895260733917695,True,True,tree_d8_l50,tree,stage4_search
classification,4,0.77022416703403,63151,15787,,,training_resubstitution,63151,,,,,9301.0,53850.0,0.14728191160868395,0.5,0.3053112852250703,0.6500446752613036,0.11588451929233068,0.14728191160868395,0.8585770613291951,0.6516393442622951,0.08547468014192022,0.15112631879098945,53425.0,425.0,8506.0,795.0,0.007892293407613741,0.9145253198580797,0.9921077065923862,True,True,tree_d8_l50,tree,stage4_search
classification,4,0.77022416703403,63151,15787,,,validation,15787,,,,,2325.0,13462.0,0.14727307278140242,0.5,0.2813248283987846,0.637411095828481,0.11800905652265956,0.14655127832661693,0.8548805979603471,0.5578231292517006,0.07053763440860215,0.12523864070255822,13332.0,130.0,2161.0,164.0,0.009656811766453721,0.9294623655913978,0.9903431882335463,True,True,tree_d8_l50,tree,stage4_search
classification,0,1.049555125006009,63150,15788,,,training_resubstitution,63150,,,,,9301.0,53849.0,0.1472842438638163,0.5,0.3679560692999041,0.6960019474830355,0.11080655007154283,0.14728424386381628,0.8625494853523357,0.6490638502160345,0.145360713901731,0.23752635277582573,53118.0,731.0,7949.0,1352.0,0.013574996750171776,0.854639286098269,0.9864250032498282,True,True,tree_d12_l20,tree,stage4_search
classification,0,1.049555125006009,63150,15788,,,validation,15788,,,,,2325.0,13463.0,0.14726374461616418,0.5,0.267657645062629,0.6359653977967493,0.1214016959415937,0.1486216472492923,0.8501393463389917,0.4631956912028725,0.11096774193548387,0.17904233171408743,13164.0,299.0,2067.0,258.0,0.022209017306692416,0.8890322580645161,0.9777909826933076,True,True,tree_d12_l20,tree,stage4_search
classification,1,1.0458299999590963,63149,15789,,,training_resubstitution,63149,,,,,9300.0,53849.0,0.14727074062930529,0.5,0.3666314582129908,0.6981480491945117,0.11081899146657756,0.14727074062930529,0.862436459801422,0.6400182731841023,0.15064516129032257,0.24388545565323352,53061.0,788.0,7899.0,1401.0,0.014633512228639343,0.8493548387096774,0.9853664877713607,True,True,tree_d12_l20,tree,stage4_search
classification,1,1.0458299999590963,63149,15789,,,validation,15789,,,,,2326.0,13463.0,0.1473177528659193,0.5,0.27031220805020567,0.6190673760874122,0.12202198747263684,0.1487216985060282,0.8500221673316866,0.46476510067114096,0.11908856405846947,0.189596167008898,13144.0,319.0,2049.0,277.0,0.023694570303795588,0.8809114359415305,0.9763054296962044,True,True,tree_d12_l20,tree,stage4_search
classification,2,1.0224279160029255,63151,15787,,,training_resubstitution,63151,,,,,9301.0,53850.0,0.14728191160868395,0.5,0.36547724187734965,0.6957098282280527,0.11105743831738363,0.14728191160868395,0.8620132697819511,0.6501278772378517,0.13665197290613912,0.22583511016346838,53166.0,684.0,8030.0,1271.0,0.012701949860724234,0.8633480270938608,0.9872980501392757,True,True,tree_d12_l20,tree,stage4_search
classification,2,1.0224279160029255,63151,15787,,,validation,15787,,,,,2325.0,13462.0,0.14727307278140242,0.5,0.27009835960119566,0.6267430744924383,0.12115973866717893,0.1475160334952195,0.851460062076392,0.47959183673469385,0.1010752688172043,0.1669626998223801,13207.0,255.0,2090.0,235.0,0.018942207695736145,0.8989247311827957,0.9810577923042638,True,True,tree_d12_l20,tree,stage4_search
classification,3,1.056711292010732,63151,15787,,,training_resubstitution,63151,,,,,9301.0,53850.0,0.14728191160868395,0.5,0.36859273509185286,0.6941541703815356,0.11073940483075663,0.14728191160868395,0.8628208579436588,0.6393013100436681,0.15740242984625308,0.2526097834526788,53024.0,826.0,7837.0,1464.0,0.015338904363974002,0.8425975701537469,0.984661095636026,True,True,tree_d12_l20,tree,stage4_search
classification,3,1.056711292010732,63151,15787,,,validation,15787,,,,,2325.0,13462.0,0.14727307278140242,0.5,0.2755363401537434,0.629846944725336,0.12138597508857325,0.14734112211373007,0.8502565401912966,0.4658493870402802,0.11440860215053764,0.18370165745856354,13157.0,305.0,2059.0,266.0,0.022656366067449116,0.8855913978494624,0.9773436339325509,True,True,tree_d12_l20,tree,stage4_search
classification,4,1.0182921669911593,63151,15787,,,training_resubstitution,63151,,,,,9301.0,53850.0,0.14728191160868395,0.5,0.36923435008313504,0.692716591710419,0.11082080635430705,0.14728191160868395,0.8631692293075327,0.6658291457286433,0.1424578002365337,0.2347002037020636,53185.0,665.0,7976.0,1325.0,0.012349117920148561,0.8575421997634662,0.9876508820798514,True,True,tree_d12_l20,tree,stage4_search
classification,4,1.0182921669911593,63151,15787,,,validation,15787,,,,,2325.0,13462.0,0.14727307278140242,0.5,0.2706134657523046,0.6201808675315464,0.1216660599894118,0.1463064419770823,0.8515867485906126,0.48148148148148145,0.10064516129032258,0.1664887940234792,13210.0,252.0,2091.0,234.0,0.01871935819343337,0.8993548387096775,0.9812806418065666,True,True,tree_d12_l20,tree,stage4_search
classification,0,1.1476238330360502,63150,15788,,,training_resubstitution,63150,,,,,9301.0,53849.0,0.1472842438638163,0.5,0.2299152103137827,0.595163591731616,0.11945897754385154,0.1472842438638163,0.8570863024544735,0.7863070539419087,0.0407483066336953,0.07748134519063682,53746.0,103.0,8922.0,379.0,0.0019127560400378836,0.9592516933663047,0.9980872439599621,True,True,tree_d12_l20_pruned,tree,stage4_search
classification,0,1.1476238330360502,63150,15788,,,validation,15788,,,,,2325.0,13463.0,0.14726374461616418,0.5,0.22843056792709618,0.6009967102189273,0.11969549754507552,0.14842767920292696,0.856283253103623,0.7295081967213115,0.038279569892473116,0.07274213322435635,13430.0,33.0,2236.0,89.0,0.0024511624452202333,0.9617204301075268,0.9975488375547797,True,True,tree_d12_l20_pruned,tree,stage4_search
classification,1,1.1602346659637988,63149,15789,,,training_resubstitution,63149,,,,,9300.0,53849.0,0.14727074062930529,0.5,0.24577787746145077,0.61323850823799,0.11879449989779954,0.14727074062930526,0.8565773013032669,0.7612903225806451,0.03806451612903226,0.07250384024577573,53738.0,111.0,8946.0,354.0,0.002061319615963156,0.9619354838709677,0.9979386803840369,True,True,tree_d12_l20_pruned,tree,stage4_search
classification,1,1.1602346659637988,63149,15789,,,validation,15789,,,,,2326.0,13463.0,0.1473177528659193,0.5,0.24964034081351033,0.6075686625980227,0.11864574027456515,0.14775464636615962,0.8583190829058205,0.8201438848920863,0.049011177987962166,0.09249492900608519,13438.0,25.0,2212.0,114.0,0.0018569412463789645,0.9509888220120378,0.9981430587536211,True,True,tree_d12_l20_pruned,tree,stage4_search
classification,2,1.0943847500020638,63151,15787,,,training_resubstitution,63151,,,,,9301.0,53850.0,0.14728191160868395,0.5,0.2389861114049548,0.6117842811402854,0.11914885488678947,0.1472819116086839,0.8570410603157511,0.7780040733197556,0.041070852596495,0.07802287581699346,53741.0,109.0,8919.0,382.0,0.0020241411327762302,0.958929147403505,0.9979758588672237,True,True,tree_d12_l20_pruned,tree,stage4_search
classification,2,1.0943847500020638,63151,15787,,,validation,15787,,,,,2325.0,13462.0,0.14727307278140242,0.5,0.23309647074348044,0.6061623238969749,0.11966358808009518,0.14729408730307678,0.8564641793881042,0.7610619469026548,0.036989247311827955,0.07054963084495489,13435.0,27.0,2239.0,86.0,0.002005645520725004,0.963010752688172,0.997994354479275,True,True,tree_d12_l20_pruned,tree,stage4_search
classification,3,1.094958667003084,63151,15787,,,training_resubstitution,63151,,,,,9301.0,53850.0,0.14728191160868395,0.5,0.24172732105055503,0.5994314865355779,0.11888464232213834,0.14728191160868395,0.8570252252537569,0.779835390946502,0.0407483066336953,0.07744967814447737,53743.0,107.0,8922.0,379.0,0.0019870009285051066,0.9592516933663047,0.9980129990714949,True,True,tree_d12_l20_pruned,tree,stage4_search
classification,3,1.094958667003084,63151,15787,,,validation,15787,,,,,2325.0,13462.0,0.14727307278140242,0.5,0.2331356742446396,0.5954691421332529,0.11961625060062406,0.14662191860047086,0.8565275226452144,0.7542372881355932,0.038279569892473116,0.07286123618501841,13433.0,29.0,2236.0,89.0,0.0021542118555935223,0.9617204301075268,0.9978457881444065,True,True,tree_d12_l20_pruned,tree,stage4_search
classification,4,1.1079230000032112,63151,15787,,,training_resubstitution,63151,,,,,9301.0,53850.0,0.14728191160868395,0.5,0.23752940403859202,0.6118741956940563,0.11929667109164965,0.14728191160868395,0.8568985447578027,0.7682926829268293,0.04064079131276207,0.07719799857040743,53736.0,114.0,8923.0,378.0,0.002116991643454039,0.9593592086872379,0.997883008356546,True,True,tree_d12_l20_pruned,tree,stage4_search
classification,4,1.1079230000032112,63151,15787,,,validation,15787,,,,,2325.0,13462.0,0.14727307278140242,0.5,0.23924052722069702,0.6059603056313031,0.1190805591871211,0.14632757607435984,0.8570342687020966,0.8035714285714286,0.03870967741935484,0.07386130488305294,13440.0,22.0,2235.0,90.0,0.0016342296835537068,0.9612903225806452,0.9983657703164462,True,True,tree_d12_l20_pruned,tree,stage4_search
classification,0,1.9020484579959884,63150,15788,,,training_resubstitution,63150,,,,,9301.0,53849.0,0.1472842438638163,0.5,0.3064195561009265,0.6580607582817251,0.11828276415198054,0.14745033173225558,0.8570863024544735,0.7863070539419087,0.0407483066336953,0.07748134519063682,53746.0,103.0,8922.0,379.0,0.0019127560400378836,0.9592516933663047,0.9980872439599621,True,True,forest_d8_l50_sqrt,forest,stage4_search
classification,0,1.9020484579959884,63150,15788,,,validation,15788,,,,,2325.0,13463.0,0.14726374461616418,0.5,0.2931456554499158,0.6572704321441722,0.11893909501563937,0.14798451065220053,0.856283253103623,0.7295081967213115,0.038279569892473116,0.07274213322435635,13430.0,33.0,2236.0,89.0,0.0024511624452202333,0.9617204301075268,0.9975488375547797,True,True,forest_d8_l50_sqrt,forest,stage4_search
classification,1,1.8899415420019068,63149,15789,,,training_resubstitution,63149,,,,,9300.0,53849.0,0.14727074062930529,0.5,0.30645355063981106,0.6638597406087953,0.11819218803565724,0.14737061191180706,0.8565773013032669,0.7612903225806451,0.03806451612903226,0.07250384024577573,53738.0,111.0,8946.0,354.0,0.002061319615963156,0.9619354838709677,0.9979386803840369,True,True,forest_d8_l50_sqrt,forest,stage4_search
classification,1,1.8899415420019068,63149,15789,,,validation,15789,,,,,2326.0,13463.0,0.1473177528659193,0.5,0.29506587666561235,0.6383301956401766,0.11816650936205685,0.14818120039842433,0.8583190829058205,0.8201438848920863,0.049011177987962166,0.09249492900608519,13438.0,25.0,2212.0,114.0,0.0018569412463789645,0.9509888220120378,0.9981430587536211,True,True,forest_d8_l50_sqrt,forest,stage4_search
classification,2,1.9182251669699326,63151,15787,,,training_resubstitution,63151,,,,,9301.0,53850.0,0.14728191160868395,0.5,0.31103279065247375,0.6628613221070168,0.11814195066605829,0.14740173013345192,0.8570410603157511,0.7780040733197556,0.041070852596495,0.07802287581699346,53741.0,109.0,8919.0,382.0,0.0020241411327762302,0.958929147403505,0.9979758588672237,True,True,forest_d8_l50_sqrt,forest,stage4_search
classification,2,1.9182251669699326,63151,15787,,,validation,15787,,,,,2325.0,13462.0,0.14727307278140242,0.5,0.2923613925945209,0.6410332868464479,0.11902509952714597,0.14695108202130167,0.8564641793881042,0.7610619469026548,0.036989247311827955,0.07054963084495489,13435.0,27.0,2239.0,86.0,0.002005645520725004,0.963010752688172,0.997994354479275,True,True,forest_d8_l50_sqrt,forest,stage4_search
classification,3,1.959628792013973,63151,15787,,,training_resubstitution,63151,,,,,9301.0,53850.0,0.14728191160868395,0.5,0.3082125830523275,0.6613704300123678,0.11803653735341046,0.1472376218529433,0.8570252252537569,0.779835390946502,0.0407483066336953,0.07744967814447737,53743.0,107.0,8922.0,379.0,0.0019870009285051066,0.9592516933663047,0.9980129990714949,True,True,forest_d8_l50_sqrt,forest,stage4_search
classification,3,1.959628792013973,63151,15787,,,validation,15787,,,,,2325.0,13462.0,0.14727307278140242,0.5,0.2929131340332207,0.6547115975992959,0.11878815050090226,0.1463991135326311,0.8565275226452144,0.7542372881355932,0.038279569892473116,0.07286123618501841,13433.0,29.0,2236.0,89.0,0.0021542118555935223,0.9617204301075268,0.9978457881444065,True,True,forest_d8_l50_sqrt,forest,stage4_search
classification,4,1.898963834042661,63151,15787,,,training_resubstitution,63151,,,,,9301.0,53850.0,0.14728191160868395,0.5,0.30788962411862253,0.6633436566010564,0.11813022125296838,0.1472715281477273,0.8568985447578027,0.7682926829268293,0.04064079131276207,0.07719799857040743,53736.0,114.0,8923.0,378.0,0.002116991643454039,0.9593592086872379,0.997883008356546,True,True,forest_d8_l50_sqrt,forest,stage4_search
classification,4,1.898963834042661,63151,15787,,,validation,15787,,,,,2325.0,13462.0,0.14727307278140242,0.5,0.2981553966160969,0.6446864211967418,0.11851602394114746,0.1470519775396089,0.8570342687020966,0.8035714285714286,0.03870967741935484,0.07386130488305294,13440.0,22.0,2235.0,90.0,0.0016342296835537068,0.9612903225806452,0.9983657703164462,True,True,forest_d8_l50_sqrt,forest,stage4_search
classification,0,14.742775249993429,63150,15788,,,training_resubstitution,63150,,,,,9301.0,53849.0,0.1472842438638163,0.5,0.39844444128602785,0.7223337491714503,0.11055512172966177,0.14740548025507783,0.8610926365795725,0.8072009291521487,0.07472314804859692,0.13678409761857901,53683.0,166.0,8606.0,695.0,0.003082694200449405,0.9252768519514031,0.9969173057995506,True,True,forest_d12_l20_half,forest,stage4_search
classification,0,14.742775249993429,63150,15788,,,validation,15788,,,,,2325.0,13463.0,0.14726374461616418,0.5,0.31296287364991643,0.6729928861179865,0.11636691678135982,0.14836594971449532,0.8565366100836078,0.6363636363636364,0.060215053763440864,0.1100196463654224,13383.0,80.0,2185.0,140.0,0.005942211988412687,0.9397849462365592,0.9940577880115873,True,True,forest_d12_l20_half,forest,stage4_search
classification,1,14.446926999953575,63149,15789,,,training_resubstitution,63149,,,,,9300.0,53849.0,0.14727074062930529,0.5,0.3991366604014054,0.7273656782596176,0.11021505592477493,0.1474033516226104,0.8605836988709243,0.7627118644067796,0.07741935483870968,0.1405700898086685,53625.0,224.0,8580.0,720.0,0.004159780125907631,0.9225806451612903,0.9958402198740923,True,True,forest_d12_l20_half,forest,stage4_search
classification,1,14.446926999953575,63149,15789,,,validation,15789,,,,,2326.0,13463.0,0.1473177528659193,0.5,0.3069173193512063,0.648077492601135,0.1170743611513849,0.1478032860942559,0.8585724238393818,0.6978723404255319,0.0705073086844368,0.1280749707145646,13392.0,71.0,2162.0,164.0,0.00527371313971626,0.9294926913155632,0.9947262868602837,True,True,forest_d12_l20_half,forest,stage4_search
classification,2,13.308822999999393,63151,15787,,,training_resubstitution,63151,,,,,9301.0,53850.0,0.14728191160868395,0.5,0.3991310310465591,0.7272708129246394,0.11043393209685294,0.14741168716527564,0.8606514544504442,0.798569725864124,0.0720352650252661,0.13214990138067062,53681.0,169.0,8631.0,670.0,0.003138347260909935,0.9279647349747339,0.9968616527390901,True,True,forest_d12_l20_half,forest,stage4_search
classification,2,13.308822999999393,63151,15787,,,validation,15787,,,,,2325.0,13462.0,0.14727307278140242,0.5,0.30822834745686767,0.6561707266810759,0.11684732905828132,0.1471079363565609,0.8573509849876481,0.689119170984456,0.05720430107526882,0.10563939634630659,13402.0,60.0,2192.0,133.0,0.004456990046055564,0.9427956989247311,0.9955430099539444,True,True,forest_d12_l20_half,forest,stage4_search
classification,3,13.795897750009317,63151,15787,,,training_resubstitution,63151,,,,,9301.0,53850.0,0.14728191160868395,0.5,0.39816535945477427,0.7225363992270477,0.11049562615011402,0.14718590806271006,0.8613006919922092,0.7876857749469215,0.07977636813245888,0.1448794298545348,53650.0,200.0,8559.0,742.0,0.003714020427112349,0.9202236318675411,0.9962859795728877,True,True,forest_d12_l20_half,forest,stage4_search
classification,3,13.795897750009317,63151,15787,,,validation,15787,,,,,2325.0,13462.0,0.14727307278140242,0.5,0.3111895083968596,0.6688697137142701,0.11672765612361274,0.14622438080247033,0.8558307468170013,0.6172248803827751,0.05548387096774193,0.10181531176006314,13382.0,80.0,2196.0,129.0,0.005942653394740751,0.944516129032258,0.9940573466052592,True,True,forest_d12_l20_half,forest,stage4_search
classification,4,13.396566417010035,63151,15787,,,training_resubstitution,63151,,,,,9301.0,53850.0,0.14728191160868395,0.5,0.40071794538483985,0.73002169972638,0.11028114617235621,0.14725612245305883,0.8603664233345474,0.7772675086107922,0.07278787227179873,0.1331104994101455,53656.0,194.0,8624.0,677.0,0.0036025998142989787,0.9272121277282013,0.996397400185701,True,True,forest_d12_l20_half,forest,stage4_search
classification,4,13.396566417010035,63151,15787,,,validation,15787,,,,,2325.0,13462.0,0.14727307278140242,0.5,0.31192505301904,0.6581426971658974,0.11653686510775454,0.14660986432465,0.8574143282447584,0.6907216494845361,0.057634408602150536,0.10639142516871775,13402.0,60.0,2191.0,134.0,0.004456990046055564,0.9423655913978495,0.9955430099539444,True,True,forest_d12_l20_half,forest,stage4_search
classification,0,18.89761541696498,63150,15788,,,training_resubstitution,63150,,,,,9301.0,53849.0,0.1472842438638163,0.5,0.45208439878241513,0.7796568645807046,0.10643622036555073,0.14762679227709846,0.8616785431512273,0.8144444444444444,0.07880873024405978,0.14371140084305462,53682.0,167.0,8568.0,733.0,0.003101264647440064,0.9211912697559402,0.9968987353525599,True,True,forest_d16_l20_half,forest,stage4_search
classification,0,18.89761541696498,63150,15788,,,validation,15788,,,,,2325.0,13463.0,0.14726374461616418,0.5,0.314508349482984,0.6761432488405099,0.11613571091401377,0.14854032840150475,0.8565366100836078,0.6304347826086957,0.06236559139784946,0.11350293542074363,13378.0,85.0,2180.0,145.0,0.00631360023768848,0.9376344086021505,0.9936863997623115,True,True,forest_d16_l20_half,forest,stage4_search
classification,1,18.726016915985383,63149,15789,,,training_resubstitution,63149,,,,,9300.0,53849.0,0.14727074062930529,0.5,0.4506601659876289,0.7803455990137296,0.10613847560661671,0.1474982362002841,0.8610746013396887,0.7686034658511722,0.0810752688172043,0.1466783386830075,53622.0,227.0,8546.0,754.0,0.004215491466879608,0.9189247311827957,0.9957845085331204,True,True,forest_d16_l20_half,forest,stage4_search
classification,1,18.726016915985383,63149,15789,,,validation,15789,,,,,2326.0,13463.0,0.1473177528659193,0.5,0.30747535458201275,0.6510674394437568,0.11708000620919679,0.14784906460199784,0.8581924124390399,0.6790123456790124,0.0709372312983663,0.12845465161541456,13385.0,78.0,2161.0,165.0,0.00579365668870237,0.9290627687016337,0.9942063433112976,True,True,forest_d16_l20_half,forest,stage4_search
classification,2,18.919660082960036,63151,15787,,,training_resubstitution,63151,,,,,9301.0,53850.0,0.14728191160868395,0.5,0.4508702577407447,0.7835940395183194,0.10638234799100535,0.1475515381694612,0.8613640322401862,0.8006607929515418,0.07816363831846038,0.1424233519443628,53669.0,181.0,8574.0,727.0,0.003361188486536676,0.9218363616815396,0.9966388115134633,True,True,forest_d16_l20_half,forest,stage4_search
classification,2,18.919660082960036,63151,15787,,,validation,15787,,,,,2325.0,13462.0,0.14727307278140242,0.5,0.3106278814717328,0.6620736665372702,0.11661000808200725,0.14750485277196151,0.8575410147589789,0.6844660194174758,0.06064516129032258,0.11141841169498222,13397.0,65.0,2184.0,141.0,0.004828405883226861,0.9393548387096774,0.9951715941167731,True,True,forest_d16_l20_half,forest,stage4_search
classification,3,18.563214666966815,63151,15787,,,training_resubstitution,63151,,,,,9301.0,53850.0,0.14728191160868395,0.5,0.4495012016444744,0.7796310407612844,0.10650236493414525,0.1473287465456016,0.8614590426121518,0.7875,0.08128158262552414,0.1473540590585713,53646.0,204.0,8545.0,756.0,0.003788300835654596,0.9187184173744759,0.9962116991643454,True,True,forest_d16_l20_half,forest,stage4_search
classification,3,18.563214666966815,63151,15787,,,validation,15787,,,,,2325.0,13462.0,0.14727307278140242,0.5,0.31444707062877775,0.673640865646511,0.11639444511600133,0.1463824768283091,0.8569709254449864,0.6587677725118484,0.05978494623655914,0.10962145110410094,13390.0,72.0,2186.0,139.0,0.005348388055266677,0.9402150537634408,0.9946516119447333,True,True,forest_d16_l20_half,forest,stage4_search
classification,4,18.93238404201111,63151,15787,,,training_resubstitution,63151,,,,,9301.0,53850.0,0.14728191160868395,0.5,0.4541325926513027,0.7871232713567905,0.10611705553940486,0.14738226238162316,0.8611581764342607,0.7868675995694295,0.07859369960219331,0.1429130009775171,53652.0,198.0,8570.0,731.0,0.0036768802228412255,0.9214063003978067,0.9963231197771588,True,True,forest_d16_l20_half,forest,stage4_search
classification,4,18.93238404201111,63151,15787,,,validation,15787,,,,,2325.0,13462.0,0.14727307278140242,0.5,0.3117886890924656,0.6601506430685817,0.11651518112294322,0.14671253368276269,0.8572242984734275,0.6731707317073171,0.05935483870967742,0.10909090909090909,13395.0,67.0,2187.0,138.0,0.00497697221809538,0.9406451612903226,0.9950230277819047,True,True,forest_d16_l20_half,forest,stage4_search
