task,candidate,reference,fold,metric,candidate_minus_reference,improvement
regression,baseline_dummy,baseline_linear,0,mae,1.1017592052682232,-1.1017592052682232
regression,baseline_dummy,baseline_linear,1,mae,1.0520790187077562,-1.0520790187077562
regression,baseline_dummy,baseline_linear,2,mae,1.0901594007713804,-1.0901594007713804
regression,baseline_dummy,baseline_linear,3,mae,1.0960303904735582,-1.0960303904735582
regression,baseline_dummy,baseline_linear,4,mae,1.1458579024817812,-1.1458579024817812
regression,baseline_dummy,baseline_tree,0,mae,0.8901859647953021,-0.8901859647953021
regression,baseline_dummy,baseline_tree,1,mae,0.8139369168079185,-0.8139369168079185
regression,baseline_dummy,baseline_tree,2,mae,0.8733736019782885,-0.8733736019782885
regression,baseline_dummy,baseline_tree,3,mae,0.8827461340428302,-0.8827461340428302
regression,baseline_dummy,baseline_tree,4,mae,0.891367393264864,-0.891367393264864
regression,baseline_linear,baseline_tree,0,mae,-0.21157324047292114,0.21157324047292114
regression,baseline_linear,baseline_tree,1,mae,-0.23814210189983775,0.23814210189983775
regression,baseline_linear,baseline_tree,2,mae,-0.2167857987930919,0.2167857987930919
regression,baseline_linear,baseline_tree,3,mae,-0.21328425643072801,0.21328425643072801
regression,baseline_linear,baseline_tree,4,mae,-0.2544905092169172,0.2544905092169172
regression,baseline_tree,baseline_linear,0,mae,0.21157324047292114,-0.21157324047292114
regression,baseline_tree,baseline_linear,1,mae,0.23814210189983775,-0.23814210189983775
regression,baseline_tree,baseline_linear,2,mae,0.2167857987930919,-0.2167857987930919
regression,baseline_tree,baseline_linear,3,mae,0.21328425643072801,-0.21328425643072801
regression,baseline_tree,baseline_linear,4,mae,0.2544905092169172,-0.2544905092169172
regression,forest_d12_l20_half,baseline_linear,0,mae,-0.14740350231067012,0.14740350231067012
regression,forest_d12_l20_half,baseline_linear,1,mae,-0.12076970763551387,0.12076970763551387
regression,forest_d12_l20_half,baseline_linear,2,mae,-0.1360975188343394,0.1360975188343394
regression,forest_d12_l20_half,baseline_linear,3,mae,-0.14819902918139238,0.14819902918139238
regression,forest_d12_l20_half,baseline_linear,4,mae,-0.1549261652221956,0.1549261652221956
regression,forest_d12_l20_half,baseline_tree,0,mae,-0.35897674278359126,0.35897674278359126
regression,forest_d12_l20_half,baseline_tree,1,mae,-0.3589118095353516,0.3589118095353516
regression,forest_d12_l20_half,baseline_tree,2,mae,-0.3528833176274313,0.3528833176274313
regression,forest_d12_l20_half,baseline_tree,3,mae,-0.3614832856121204,0.3614832856121204
regression,forest_d12_l20_half,baseline_tree,4,mae,-0.4094166744391128,0.4094166744391128
regression,forest_d16_l20_half,baseline_linear,0,mae,-0.19264524902479874,0.19264524902479874
regression,forest_d16_l20_half,baseline_linear,1,mae,-0.15836341056250802,0.15836341056250802
regression,forest_d16_l20_half,baseline_linear,2,mae,-0.1807600798807112,0.1807600798807112
regression,forest_d16_l20_half,baseline_linear,3,mae,-0.19682244283396066,0.19682244283396066
regression,forest_d16_l20_half,baseline_linear,4,mae,-0.19475086533553565,0.19475086533553565
regression,forest_d16_l20_half,baseline_tree,0,mae,-0.4042184894977199,0.4042184894977199
regression,forest_d16_l20_half,baseline_tree,1,mae,-0.3965055124623458,0.3965055124623458
regression,forest_d16_l20_half,baseline_tree,2,mae,-0.3975458786738031,0.3975458786738031
regression,forest_d16_l20_half,baseline_tree,3,mae,-0.4101066992646887,0.4101066992646887
regression,forest_d16_l20_half,baseline_tree,4,mae,-0.44924137455245283,0.44924137455245283
regression,forest_d8_l50_sqrt,baseline_linear,0,mae,0.28533778286846445,-0.28533778286846445
regression,forest_d8_l50_sqrt,baseline_linear,1,mae,0.29423913026628146,-0.29423913026628146
regression,forest_d8_l50_sqrt,baseline_linear,2,mae,0.28560762293050157,-0.28560762293050157
regression,forest_d8_l50_sqrt,baseline_linear,3,mae,0.2970445022934891,-0.2970445022934891
regression,forest_d8_l50_sqrt,baseline_linear,4,mae,0.3078202260154246,-0.3078202260154246
regression,forest_d8_l50_sqrt,baseline_tree,0,mae,0.07376454239554331,-0.07376454239554331
regression,forest_d8_l50_sqrt,baseline_tree,1,mae,0.0560970283664437,-0.0560970283664437
regression,forest_d8_l50_sqrt,baseline_tree,2,mae,0.06882182413740967,-0.06882182413740967
regression,forest_d8_l50_sqrt,baseline_tree,3,mae,0.0837602458627611,-0.0837602458627611
regression,forest_d8_l50_sqrt,baseline_tree,4,mae,0.0533297167985074,-0.0533297167985074
regression,ridge_a1,baseline_linear,0,mae,0.0004504583156696995,-0.0004504583156696995
regression,ridge_a1,baseline_linear,1,mae,-0.0009107748058774234,0.0009107748058774234
regression,ridge_a1,baseline_linear,2,mae,-6.38415532421277e-05,6.38415532421277e-05
regression,ridge_a1,baseline_linear,3,mae,-0.0027339353491715457,0.0027339353491715457
regression,ridge_a1,baseline_linear,4,mae,-0.0006825754404298223,0.0006825754404298223
regression,ridge_a1,baseline_tree,0,mae,-0.21112278215725144,0.21112278215725144
regression,ridge_a1,baseline_tree,1,mae,-0.23905287670571518,0.23905287670571518
regression,ridge_a1,baseline_tree,2,mae,-0.21684964034633403,0.21684964034633403
regression,ridge_a1,baseline_tree,3,mae,-0.21601819177989956,0.21601819177989956
regression,ridge_a1,baseline_tree,4,mae,-0.255173084657347,0.255173084657347
regression,ridge_a100,baseline_linear,0,mae,0.005150141325800384,-0.005150141325800384
regression,ridge_a100,baseline_linear,1,mae,-0.004473081520270483,0.004473081520270483
regression,ridge_a100,baseline_linear,2,mae,0.0014858481750819053,-0.0014858481750819053
regression,ridge_a100,baseline_linear,3,mae,-0.0034475855769251496,0.0034475855769251496
regression,ridge_a100,baseline_linear,4,mae,-0.003963822863365607,0.003963822863365607
regression,ridge_a100,baseline_tree,0,mae,-0.20642309914712076,0.20642309914712076
regression,ridge_a100,baseline_tree,1,mae,-0.24261518342010824,0.24261518342010824
regression,ridge_a100,baseline_tree,2,mae,-0.21529995061801,0.21529995061801
regression,ridge_a100,baseline_tree,3,mae,-0.21673184200765316,0.21673184200765316
regression,ridge_a100,baseline_tree,4,mae,-0.2584543320802828,0.2584543320802828
regression,tree_d12_l20,baseline_linear,0,mae,0.02582562020368684,-0.02582562020368684
regression,tree_d12_l20,baseline_linear,1,mae,0.05512153408712006,-0.05512153408712006
regression,tree_d12_l20,baseline_linear,2,mae,0.007329873611428894,-0.007329873611428894
regression,tree_d12_l20,baseline_linear,3,mae,0.04861840390774841,-0.04861840390774841
regression,tree_d12_l20,baseline_linear,4,mae,0.04555242599082199,-0.04555242599082199
regression,tree_d12_l20,baseline_tree,0,mae,-0.1857476202692343,0.1857476202692343
regression,tree_d12_l20,baseline_tree,1,mae,-0.1830205678127177,0.1830205678127177
regression,tree_d12_l20,baseline_tree,2,mae,-0.209455925181663,0.209455925181663
regression,tree_d12_l20,baseline_tree,3,mae,-0.1646658525229796,0.1646658525229796
regression,tree_d12_l20,baseline_tree,4,mae,-0.2089380832260952,0.2089380832260952
regression,tree_d12_l20_pruned,baseline_linear,0,mae,0.0322278185522924,-0.0322278185522924
regression,tree_d12_l20_pruned,baseline_linear,1,mae,0.03547264263188232,-0.03547264263188232
regression,tree_d12_l20_pruned,baseline_linear,2,mae,0.01777378873454527,-0.01777378873454527
regression,tree_d12_l20_pruned,baseline_linear,3,mae,0.02692647480841881,-0.02692647480841881
regression,tree_d12_l20_pruned,baseline_linear,4,mae,0.019668771816474973,-0.019668771816474973
regression,tree_d12_l20_pruned,baseline_tree,0,mae,-0.17934542192062874,0.17934542192062874
regression,tree_d12_l20_pruned,baseline_tree,1,mae,-0.20266945926795543,0.20266945926795543
regression,tree_d12_l20_pruned,baseline_tree,2,mae,-0.19901201005854663,0.19901201005854663
regression,tree_d12_l20_pruned,baseline_tree,3,mae,-0.1863577816223092,0.1863577816223092
regression,tree_d12_l20_pruned,baseline_tree,4,mae,-0.2348217374004422,0.2348217374004422
regression,tree_d3_l200,baseline_linear,0,mae,0.36883558698582686,-0.36883558698582686
regression,tree_d3_l200,baseline_linear,1,mae,0.38896251379358304,-0.38896251379358304
regression,tree_d3_l200,baseline_linear,2,mae,0.39173432479879366,-0.39173432479879366
regression,tree_d3_l200,baseline_linear,3,mae,0.369534875329947,-0.369534875329947
regression,tree_d3_l200,baseline_linear,4,mae,0.3934585602509122,-0.3934585602509122
regression,tree_d3_l200,baseline_tree,0,mae,0.15726234651290572,-0.15726234651290572
regression,tree_d3_l200,baseline_tree,1,mae,0.1508204118937453,-0.1508204118937453
regression,tree_d3_l200,baseline_tree,2,mae,0.17494852600570177,-0.17494852600570177
regression,tree_d3_l200,baseline_tree,3,mae,0.15625061889921898,-0.15625061889921898
regression,tree_d3_l200,baseline_tree,4,mae,0.138968051033995,-0.138968051033995
regression,tree_d8_l50,baseline_linear,0,mae,0.05521175826140645,-0.05521175826140645
regression,tree_d8_l50,baseline_linear,1,mae,0.06975429788733134,-0.06975429788733134
regression,tree_d8_l50,baseline_linear,2,mae,0.0432675325450953,-0.0432675325450953
regression,tree_d8_l50,baseline_linear,3,mae,0.06490298252064708,-0.06490298252064708
regression,tree_d8_l50,baseline_linear,4,mae,0.04801018778035537,-0.04801018778035537
regression,tree_d8_l50,baseline_tree,0,mae,-0.1563614822115147,0.1563614822115147
regression,tree_d8_l50,baseline_tree,1,mae,-0.16838780401250641,0.16838780401250641
regression,tree_d8_l50,baseline_tree,2,mae,-0.1735182662479966,0.1735182662479966
regression,tree_d8_l50,baseline_tree,3,mae,-0.14838127391008094,0.14838127391008094
regression,tree_d8_l50,baseline_tree,4,mae,-0.2064803214365618,0.2064803214365618
classification,baseline_dummy,baseline_linear,0,average_precision,-0.1521582591511052,-0.1521582591511052
classification,baseline_dummy,baseline_linear,1,average_precision,-0.1467141445034047,-0.1467141445034047
classification,baseline_dummy,baseline_linear,2,average_precision,-0.1525400311415639,-0.1525400311415639
classification,baseline_dummy,baseline_linear,3,average_precision,-0.14836274602682142,-0.14836274602682142
classification,baseline_dummy,baseline_linear,4,average_precision,-0.15037682477558562,-0.15037682477558562
classification,baseline_dummy,baseline_tree,0,average_precision,-0.1177170751373991,-0.1177170751373991
classification,baseline_dummy,baseline_tree,1,average_precision,-0.11339750000820531,-0.11339750000820531
classification,baseline_dummy,baseline_tree,2,average_precision,-0.11417703965069198,-0.11417703965069198
classification,baseline_dummy,baseline_tree,3,average_precision,-0.10659318505672538,-0.10659318505672538
classification,baseline_dummy,baseline_tree,4,average_precision,-0.11607754986905361,-0.11607754986905361
classification,baseline_linear,baseline_tree,0,average_precision,0.034441184013706105,0.034441184013706105
classification,baseline_linear,baseline_tree,1,average_precision,0.03331664449519939,0.03331664449519939
classification,baseline_linear,baseline_tree,2,average_precision,0.03836299149087191,0.03836299149087191
classification,baseline_linear,baseline_tree,3,average_precision,0.04176956097009604,0.04176956097009604
classification,baseline_linear,baseline_tree,4,average_precision,0.03429927490653201,0.03429927490653201
classification,baseline_tree,baseline_linear,0,average_precision,-0.034441184013706105,-0.034441184013706105
classification,baseline_tree,baseline_linear,1,average_precision,-0.03331664449519939,-0.03331664449519939
classification,baseline_tree,baseline_linear,2,average_precision,-0.03836299149087191,-0.03836299149087191
classification,baseline_tree,baseline_linear,3,average_precision,-0.04176956097009604,-0.04176956097009604
classification,baseline_tree,baseline_linear,4,average_precision,-0.03429927490653201,-0.03429927490653201
classification,forest_d12_l20_half,baseline_linear,0,average_precision,0.013540869882647133,0.013540869882647133
classification,forest_d12_l20_half,baseline_linear,1,average_precision,0.012885421981882306,0.012885421981882306
classification,forest_d12_l20_half,baseline_linear,2,average_precision,0.008415243533901384,0.008415243533901384
classification,forest_d12_l20_half,baseline_linear,3,average_precision,0.015553689588635788,0.015553689588635788
classification,forest_d12_l20_half,baseline_linear,4,average_precision,0.014275155462051992,0.014275155462051992
classification,forest_d12_l20_half,baseline_tree,0,average_precision,0.04798205389635324,0.04798205389635324
classification,forest_d12_l20_half,baseline_tree,1,average_precision,0.046202066477081694,0.046202066477081694
classification,forest_d12_l20_half,baseline_tree,2,average_precision,0.046778235024773296,0.046778235024773296
classification,forest_d12_l20_half,baseline_tree,3,average_precision,0.05732325055873183,0.05732325055873183
classification,forest_d12_l20_half,baseline_tree,4,average_precision,0.048574430368584,0.048574430368584
classification,forest_d16_l20_half,baseline_linear,0,average_precision,0.01508634571571471,0.01508634571571471
classification,forest_d16_l20_half,baseline_linear,1,average_precision,0.013443457212688747,0.013443457212688747
classification,forest_d16_l20_half,baseline_linear,2,average_precision,0.01081477754876653,0.01081477754876653
classification,forest_d16_l20_half,baseline_linear,3,average_precision,0.01881125182055393,0.01881125182055393
classification,forest_d16_l20_half,baseline_linear,4,average_precision,0.01413879153547759,0.01413879153547759
classification,forest_d16_l20_half,baseline_tree,0,average_precision,0.049527529729420816,0.049527529729420816
classification,forest_d16_l20_half,baseline_tree,1,average_precision,0.046760101707888135,0.046760101707888135
classification,forest_d16_l20_half,baseline_tree,2,average_precision,0.04917776903963844,0.04917776903963844
classification,forest_d16_l20_half,baseline_tree,3,average_precision,0.060580812790649974,0.060580812790649974
classification,forest_d16_l20_half,baseline_tree,4,average_precision,0.0484380664420096,0.0484380664420096
classification,forest_d8_l50_sqrt,baseline_linear,0,average_precision,-0.0062763483173535195,-0.0062763483173535195
classification,forest_d8_l50_sqrt,baseline_linear,1,average_precision,0.0010339792962883454,0.0010339792962883454
classification,forest_d8_l50_sqrt,baseline_linear,2,average_precision,-0.0074517113284454095,-0.0074517113284454095
classification,forest_d8_l50_sqrt,baseline_linear,3,average_precision,-0.0027226847750030925,-0.0027226847750030925
classification,forest_d8_l50_sqrt,baseline_linear,4,average_precision,0.0005054990591089048,0.0005054990591089048
classification,forest_d8_l50_sqrt,baseline_tree,0,average_precision,0.028164835696352586,0.028164835696352586
classification,forest_d8_l50_sqrt,baseline_tree,1,average_precision,0.03435062379148773,0.03435062379148773
classification,forest_d8_l50_sqrt,baseline_tree,2,average_precision,0.030911280162426502,0.030911280162426502
classification,forest_d8_l50_sqrt,baseline_tree,3,average_precision,0.03904687619509295,0.03904687619509295
classification,forest_d8_l50_sqrt,baseline_tree,4,average_precision,0.03480477396564091,0.03480477396564091
classification,logistic_c001,baseline_linear,0,average_precision,0.004499490803635486,0.004499490803635486
classification,logistic_c001,baseline_linear,1,average_precision,0.0011832827068697371,0.0011832827068697371
classification,logistic_c001,baseline_linear,2,average_precision,0.0011405885323450549,0.0011405885323450549
classification,logistic_c001,baseline_linear,3,average_precision,0.001145879219604351,0.001145879219604351
classification,logistic_c001,baseline_linear,4,average_precision,0.0044058352625260255,0.0044058352625260255
classification,logistic_c001,baseline_tree,0,average_precision,0.03894067481734159,0.03894067481734159
classification,logistic_c001,baseline_tree,1,average_precision,0.034499927202069125,0.034499927202069125
classification,logistic_c001,baseline_tree,2,average_precision,0.039503580023216966,0.039503580023216966
classification,logistic_c001,baseline_tree,3,average_precision,0.04291544018970039,0.04291544018970039
classification,logistic_c001,baseline_tree,4,average_precision,0.03870511016905803,0.03870511016905803
classification,logistic_c01,baseline_linear,0,average_precision,0.0020230851489949075,0.0020230851489949075
classification,logistic_c01,baseline_linear,1,average_precision,0.0004875696298405341,0.0004875696298405341
classification,logistic_c01,baseline_linear,2,average_precision,0.0015436994573604923,0.0015436994573604923
classification,logistic_c01,baseline_linear,3,average_precision,0.0009039542452205507,0.0009039542452205507
classification,logistic_c01,baseline_linear,4,average_precision,0.002676263076472063,0.002676263076472063
classification,logistic_c01,baseline_tree,0,average_precision,0.03646426916270101,0.03646426916270101
classification,logistic_c01,baseline_tree,1,average_precision,0.03380421412503992,0.03380421412503992
classification,logistic_c01,baseline_tree,2,average_precision,0.039906690948232404,0.039906690948232404
classification,logistic_c01,baseline_tree,3,average_precision,0.04267351521531659,0.04267351521531659
classification,logistic_c01,baseline_tree,4,average_precision,0.03697553798300407,0.03697553798300407
classification,logistic_c1,baseline_linear,0,average_precision,0.00036914961252454415,0.00036914961252454415
classification,logistic_c1,baseline_linear,1,average_precision,-6.269656079260777e-05,-6.269656079260777e-05
classification,logistic_c1,baseline_linear,2,average_precision,0.00036981708769767696,0.00036981708769767696
classification,logistic_c1,baseline_linear,3,average_precision,0.0001844202804564543,0.0001844202804564543
classification,logistic_c1,baseline_linear,4,average_precision,0.0008300316575576838,0.0008300316575576838
classification,logistic_c1,baseline_tree,0,average_precision,0.03481033362623065,0.03481033362623065
classification,logistic_c1,baseline_tree,1,average_precision,0.03325394793440678,0.03325394793440678
classification,logistic_c1,baseline_tree,2,average_precision,0.03873280857856959,0.03873280857856959
classification,logistic_c1,baseline_tree,3,average_precision,0.0419539812505525,0.0419539812505525
classification,logistic_c1,baseline_tree,4,average_precision,0.03512930656408969,0.03512930656408969
classification,tree_d12_l20,baseline_linear,0,average_precision,-0.03176435870464028,-0.03176435870464028
classification,tree_d12_l20,baseline_linear,1,average_precision,-0.02371968931911833,-0.02371968931911833
classification,tree_d12_l20,baseline_linear,2,average_precision,-0.029714744321770625,-0.029714744321770625
classification,tree_d12_l20,baseline_linear,3,average_precision,-0.020099478654480418,-0.020099478654480418
classification,tree_d12_l20,baseline_linear,4,average_precision,-0.027036431804683403,-0.027036431804683403
classification,tree_d12_l20,baseline_tree,0,average_precision,0.0026768253090658223,0.0026768253090658223
classification,tree_d12_l20,baseline_tree,1,average_precision,0.009596955176081057,0.009596955176081057
classification,tree_d12_l20,baseline_tree,2,average_precision,0.008648247169101286,0.008648247169101286
classification,tree_d12_l20,baseline_tree,3,average_precision,0.021670082315615624,0.021670082315615624
classification,tree_d12_l20,baseline_tree,4,average_precision,0.007262843101848604,0.007262843101848604
classification,tree_d12_l20_pruned,baseline_linear,0,average_precision,-0.07099143584017312,-0.07099143584017312
classification,tree_d12_l20_pruned,baseline_linear,1,average_precision,-0.04439155655581367,-0.04439155655581367
classification,tree_d12_l20_pruned,baseline_linear,2,average_precision,-0.06671663317948584,-0.06671663317948584
classification,tree_d12_l20_pruned,baseline_linear,3,average_precision,-0.06250014456358421,-0.06250014456358421
classification,tree_d12_l20_pruned,baseline_linear,4,average_precision,-0.05840937033629098,-0.05840937033629098
classification,tree_d12_l20_pruned,baseline_tree,0,average_precision,-0.03655025182646701,-0.03655025182646701
classification,tree_d12_l20_pruned,baseline_tree,1,average_precision,-0.011074912060614284,-0.011074912060614284
classification,tree_d12_l20_pruned,baseline_tree,2,average_precision,-0.02835364168861393,-0.02835364168861393
classification,tree_d12_l20_pruned,baseline_tree,3,average_precision,-0.020730583593488172,-0.020730583593488172
classification,tree_d12_l20_pruned,baseline_tree,4,average_precision,-0.024110095429758976,-0.024110095429758976
classification,tree_d3_l200,baseline_linear,0,average_precision,-0.07120428618390659,-0.07120428618390659
classification,tree_d3_l200,baseline_linear,1,average_precision,-0.061592423212436825,-0.061592423212436825
classification,tree_d3_l200,baseline_linear,2,average_precision,-0.0747566701390755,-0.0747566701390755
classification,tree_d3_l200,baseline_linear,3,average_precision,-0.07064065363589944,-0.07064065363589944
classification,tree_d3_l200,baseline_linear,4,average_precision,-0.06631898391890528,-0.06631898391890528
classification,tree_d3_l200,baseline_tree,0,average_precision,-0.036763102170200485,-0.036763102170200485
classification,tree_d3_l200,baseline_tree,1,average_precision,-0.028275778717237438,-0.028275778717237438
classification,tree_d3_l200,baseline_tree,2,average_precision,-0.03639367864820359,-0.03639367864820359
classification,tree_d3_l200,baseline_tree,3,average_precision,-0.0288710926658034,-0.0288710926658034
classification,tree_d3_l200,baseline_tree,4,average_precision,-0.032019709012373276,-0.032019709012373276
classification,tree_d8_l50,baseline_linear,0,average_precision,-0.012974991997512009,-0.012974991997512009
classification,tree_d8_l50,baseline_linear,1,average_precision,-0.015061617496774593,-0.015061617496774593
classification,tree_d8_l50,baseline_linear,2,average_precision,-0.027252656265825403,-0.027252656265825403
classification,tree_d8_l50,baseline_linear,3,average_precision,-0.015899116525993573,-0.015899116525993573
classification,tree_d8_l50,baseline_linear,4,average_precision,-0.01632506915820342,-0.01632506915820342
classification,tree_d8_l50,baseline_tree,0,average_precision,0.021466192016194097,0.021466192016194097
classification,tree_d8_l50,baseline_tree,1,average_precision,0.018255026998424795,0.018255026998424795
classification,tree_d8_l50,baseline_tree,2,average_precision,0.011110335225046508,0.011110335225046508
classification,tree_d8_l50,baseline_tree,3,average_precision,0.02587044444410247,0.02587044444410247
classification,tree_d8_l50,baseline_tree,4,average_precision,0.017974205748328587,0.017974205748328587
