task,candidate,partition,n,positives,negatives,prevalence,threshold,average_precision,roc_auc,brier,mean_probability,accuracy,precision_1,recall_1,f1_1,tn,fp,fn,tp,fpr,fnr,specificity,precision_defined,ranking_metrics_defined,mae,rmse,r2,negative_predictions
classification,baseline_dummy,development_selection_oof,78938,11626.0,67312.0,0.1472801439104107,0.5,0.14727122285030117,0.49996559474082725,0.12558870332642788,0.1472801436775306,0.8527198560895893,0.0,0.0,0.0,67312.0,0.0,11626.0,0.0,0.0,1.0,1.0,False,True,,,,
classification,baseline_linear,development_selection_oof,78938,11626.0,67312.0,0.1472801439104107,0.5,0.2966586247087165,0.6541603154507546,0.11760801910012837,0.14733601208224897,0.8573057336137222,0.6636528028933092,0.06313435403406159,0.11530003141690229,66940.0,372.0,10892.0,734.0,0.005526503446636558,0.9368656459659385,0.9944734965533635,True,True,,,,
classification,baseline_tree,development_selection_oof,78938,11626.0,67312.0,0.1472801439104107,0.5,0.27434967236797153,0.6174716566192159,0.1185550828493804,0.1474161621546856,0.8565709797562644,0.636936936936937,0.06081197316359883,0.11102386934673367,66909.0,403.0,10919.0,707.0,0.005987045400522938,0.9391880268364011,0.994012954599477,True,True,,,,
classification,forest_d12_l20_half,development_selection_oof,78938,11626.0,67312.0,0.1472801439104107,0.5,0.3096096515849856,0.6601132923034937,0.11671063050604281,0.14722231266712524,0.857141047404292,0.6660323501427212,0.060209874419404785,0.11043622308117063,66961.0,351.0,10926.0,700.0,0.005214523413358688,0.9397901255805953,0.9947854765866413,True,True,,,,
classification,forest_d16_l20_half,development_selection_oof,78938,11626.0,67312.0,0.1472801439104107,0.5,0.31128397858517154,0.6641309517641807,0.1165470785803076,0.1473978771624965,0.857293065443766,0.6648401826484018,0.06261826939618097,0.11445641065953935,66945.0,367.0,10898.0,728.0,0.005452222486332303,0.937381730603819,0.9945477775136677,True,True,,,,
classification,forest_d8_l50_sqrt,development_selection_oof,78938,11626.0,67312.0,0.1472801439104107,0.5,0.29317591784925817,0.6467722107661691,0.11868696567655783,0.14731360731074267,0.8569256885150371,0.7748344370860927,0.04025460175468777,0.07653311529026983,67176.0,136.0,11158.0,468.0,0.002020442120275731,0.9597453982453122,0.9979795578797243,True,True,,,,
classification,logistic_c001,development_selection_oof,78938,11626.0,67312.0,0.1472801439104107,0.5,0.2990325202881148,0.6542368364682309,0.1175517975057703,0.14724295857117073,0.857293065443766,0.673058485139022,0.06038190263203165,0.11082169074117926,66971.0,341.0,10924.0,702.0,0.005065961492750178,0.9396180973679683,0.9949340385072498,True,True,,,,
classification,logistic_c01,development_selection_oof,78938,11626.0,67312.0,0.1472801439104107,0.5,0.2981508620126792,0.6550504270221114,0.11750673520455257,0.1473091388976511,0.8573564062935468,0.6678899082568808,0.06261826939618097,0.11450141553947782,66950.0,362.0,10898.0,728.0,0.005377941526028048,0.937381730603819,0.994622058473972,True,True,,,,
classification,logistic_c1,development_selection_oof,78938,11626.0,67312.0,0.1472801439104107,0.5,0.2969904888940809,0.6544519011243826,0.11757775733786648,0.14732473501196744,0.8572803972738098,0.6633393829401089,0.06287631171512129,0.11486486486486487,66941.0,371.0,10895.0,731.0,0.0055116472545757075,0.9371236882848787,0.9944883527454242,True,True,,,,
classification,tree_d12_l20,development_selection_oof,78938,11626.0,67312.0,0.1472801439104107,0.5,0.2742772951010372,0.6254273972859288,0.12152710238220182,0.14770142617717946,0.8506929488966024,0.4703703703703704,0.10923791501806296,0.17730001396063103,65882.0,1430.0,10356.0,1270.0,0.021244354647016878,0.890762084981937,0.9787556453529831,True,True,,,,
classification,tree_d12_l20_pruned,development_selection_oof,78938,11626.0,67312.0,0.1472801439104107,0.5,0.25672244003535577,0.6054947992900596,0.11934031403856643,0.14728520787727495,0.8569256885150371,0.7748344370860927,0.04025460175468777,0.07653311529026983,67176.0,136.0,11158.0,468.0,0.002020442120275731,0.9597453982453122,0.9979795578797243,True,True,,,,
classification,tree_d3_l200,development_selection_oof,78938,11626.0,67312.0,0.1472801439104107,0.5,0.2483745700754503,0.5937727130041102,0.11961371313758515,0.1473877799465495,0.8569256885150371,0.7748344370860927,0.04025460175468777,0.07653311529026983,67176.0,136.0,11158.0,468.0,0.002020442120275731,0.9597453982453122,0.9979795578797243,True,True,,,,
classification,tree_d8_l50,development_selection_oof,78938,11626.0,67312.0,0.1472801439104107,0.5,0.287975757284332,0.6364561462640128,0.1183344511327561,0.1473937802487316,0.8549621221718311,0.5565495207667731,0.07491828659900224,0.13205973769994694,66618.0,694.0,10755.0,871.0,0.010310197290230569,0.9250817134009978,0.9896898027097695,True,True,,,,
regression,baseline_dummy,development_selection_oof,77139,,,,,,,,,,,,,,,,,,,,,,6.089709434835167,9.717760413600832,-0.06047926638956347,0.0
regression,baseline_linear,development_selection_oof,77139,,,,,,,,,,,,,,,,,,,,,,4.992532882372538,7.966399348554612,0.28732101352117234,8.0
regression,baseline_tree,development_selection_oof,77139,,,,,,,,,,,,,,,,,,,,,,5.219387705481594,8.269352793955775,0.23208553566886803,0.0
regression,forest_d12_l20_half,development_selection_oof,77139,,,,,,,,,,,,,,,,,,,,,,4.851053872057143,7.8538214066079535,0.3073212739703498,0.0
regression,forest_d16_l20_half,development_selection_oof,77139,,,,,,,,,,,,,,,,,,,,,,4.807864603550072,7.811275141227568,0.31480580041883743,0.0
regression,forest_d8_l50_sqrt,development_selection_oof,77139,,,,,,,,,,,,,,,,,,,,,,5.286542556215064,8.314753250613638,0.22363037053150459,0.0
regression,ridge_a1,development_selection_oof,77139,,,,,,,,,,,,,,,,,,,,,,4.991744747237511,7.964841099456097,0.2875997900996906,8.0
regression,ridge_a100,development_selection_oof,77139,,,,,,,,,,,,,,,,,,,,,,4.991483220058157,7.964591276326447,0.287644479317375,5.0
regression,tree_d12_l20,development_selection_oof,77139,,,,,,,,,,,,,,,,,,,,,,5.0290223364453785,8.093852022279005,0.2643346063184876,0.0
regression,tree_d12_l20_pruned,development_selection_oof,77139,,,,,,,,,,,,,,,,,,,,,,5.0189468691224715,8.028541588799078,0.2761590820133897,0.0
regression,tree_d3_l200,development_selection_oof,77139,,,,,,,,,,,,,,,,,,,,,,5.375037912608888,8.45050179385115,0.1980730600384133,0.0
regression,tree_d8_l50,development_selection_oof,77139,,,,,,,,,,,,,,,,,,,,,,5.048762340721552,8.057344762844425,0.2709560661310991,0.0
