task,variant,model_scope,candidate,fold,training_n,fit_seconds,n,mae,rmse,r2,negative_predictions,positives,negatives,prevalence,threshold,average_precision,roc_auc,brier,mean_probability,accuracy,precision_1,recall_1,f1_1,tn,fp,fn,tp,fpr,fnr,specificity,precision_defined,ranking_metrics_defined
regression,no_payment,sensitivity,forest_d16_l20_half,0,61711,20.862022790999617,15428,4.860241034507492,7.731109398132445,0.3178161567888532,0.0,,,,,,,,,,,,,,,,,,,,,
regression,no_payment,full_model_matched_validation,forest_d16_l20_half,0,61711,0.0,15428,4.8495883829545505,7.721545931721148,0.31950285058129435,0.0,,,,,,,,,,,,,,,,,,,,,
regression,no_payment,sensitivity,forest_d16_l20_half,1,61711,20.649465541995596,15428,4.776731132534212,7.448716348684348,0.3221677170973053,0.0,,,,,,,,,,,,,,,,,,,,,
regression,no_payment,full_model_matched_validation,forest_d16_l20_half,1,61711,0.0,15428,4.771491366095785,7.4426799437027205,0.3232658961774457,0.0,,,,,,,,,,,,,,,,,,,,,
regression,no_payment,sensitivity,forest_d16_l20_half,2,61711,20.75616487499792,15428,4.874577883083118,8.233732700225952,0.29967623897516915,0.0,,,,,,,,,,,,,,,,,,,,,
regression,no_payment,full_model_matched_validation,forest_d16_l20_half,2,61711,0.0,15428,4.867012641619584,8.22386120814279,0.3013544805559426,0.0,,,,,,,,,,,,,,,,,,,,,
regression,no_payment,sensitivity,forest_d16_l20_half,3,61711,20.683800208033063,15428,4.856020515711566,7.9782989276046985,0.30891154596491655,0.0,,,,,,,,,,,,,,,,,,,,,
regression,no_payment,full_model_matched_validation,forest_d16_l20_half,3,61711,0.0,15428,4.845049287745834,7.9750783629435835,0.3094693705976409,0.0,,,,,,,,,,,,,,,,,,,,,
regression,no_payment,sensitivity,forest_d16_l20_half,4,61712,20.64592995797284,15427,4.713517014098778,7.676436765501252,0.32152155419169814,0.0,,,,,,,,,,,,,,,,,,,,,
regression,no_payment,full_model_matched_validation,forest_d16_l20_half,4,61712,0.0,15427,4.706174748081335,7.670099778364222,0.3226412754029585,0.0,,,,,,,,,,,,,,,,,,,,,
classification,no_payment,sensitivity,forest_d16_l20_half,0,63150,16.579760290973354,15788,,,,,2325.0,13463.0,0.14726374461616418,0.5,0.31393974093858684,0.6755980828379493,0.11614892418260842,0.14854303595377327,0.8566632885736002,0.6396396396396397,0.0610752688172043,0.11150372987828819,13383.0,80.0,2183.0,142.0,0.005942211988412687,0.9389247311827957,0.9940577880115873,True,True
classification,no_payment,full_model_matched_validation,forest_d16_l20_half,0,63150,0.0,15788,,,,,2325.0,13463.0,0.14726374461616418,0.5,0.314508349482984,0.6761432488405099,0.11613571091401377,0.14854032840150475,0.8565366100836078,0.6304347826086957,0.06236559139784946,0.11350293542074363,13378.0,85.0,2180.0,145.0,0.00631360023768848,0.9376344086021505,0.9936863997623115,True,True
classification,item_bearing_only,sensitivity,forest_d16_l20_half,0,62668,19.403499750012998,15666,,,,,2236.0,13430.0,0.14272947785012127,0.5,0.2726840247036627,0.6664914943582106,0.11549611330142859,0.1435859596048934,0.8577173496744542,0.5327102803738317,0.025491949910554562,0.04865556978233035,13380.0,50.0,2179.0,57.0,0.0037230081906180195,0.9745080500894454,0.996276991809382,True,True
classification,item_bearing_only,full_model_matched_validation,forest_d16_l20_half,0,63150,0.0,15666,,,,,2236.0,13430.0,0.14272947785012127,0.5,0.27292858418026367,0.6649268485501582,0.11549115657043083,0.14365790761218342,0.8575258521639219,0.5185185185185185,0.025044722719141325,0.04778156996587031,13378.0,52.0,2180.0,56.0,0.00387192851824274,0.9749552772808586,0.9961280714817573,True,True
classification,no_payment,sensitivity,forest_d16_l20_half,1,63149,16.753785333014093,15789,,,,,2326.0,13463.0,0.1473177528659193,0.5,0.3060993761492655,0.6498131179439026,0.11719702902791379,0.1476960780742403,0.8582557476724302,0.680327868852459,0.07136715391229578,0.12918287937743192,13385.0,78.0,2160.0,166.0,0.00579365668870237,0.9286328460877042,0.9942063433112976,True,True
classification,no_payment,full_model_matched_validation,forest_d16_l20_half,1,63149,0.0,15789,,,,,2326.0,13463.0,0.1473177528659193,0.5,0.30747535458201275,0.6510674394437568,0.11708000620919679,0.14784906460199784,0.8581924124390399,0.6790123456790124,0.0709372312983663,0.12845465161541456,13385.0,78.0,2161.0,165.0,0.00579365668870237,0.9290627687016337,0.9942063433112976,True,True
classification,item_bearing_only,sensitivity,forest_d16_l20_half,1,62684,19.217321790987626,15650,,,,,2212.0,13438.0,0.14134185303514377,0.5,0.24546791683365243,0.6331966755364602,0.11679010121726889,0.14263236069098975,0.8583386581469649,0.4774774774774775,0.02396021699819168,0.04563065002152389,13380.0,58.0,2159.0,53.0,0.0043161184700104185,0.9760397830018083,0.9956838815299895,True,True
classification,item_bearing_only,full_model_matched_validation,forest_d16_l20_half,1,63149,0.0,15650,,,,,2212.0,13438.0,0.14134185303514377,0.5,0.2459692740005634,0.6343092461070291,0.11676142614714353,0.14232356374576097,0.8585303514376997,0.49038461538461536,0.02305605786618445,0.04404145077720207,13385.0,53.0,2161.0,51.0,0.003944039291561245,0.9769439421338155,0.9960559607084387,True,True
classification,no_payment,sensitivity,forest_d16_l20_half,2,63151,16.60914800001774,15787,,,,,2325.0,13462.0,0.14727307278140242,0.5,0.3115396941278804,0.6629427316716269,0.11663830677913607,0.14722014287835003,0.8572876417305377,0.6764705882352942,0.05935483870967742,0.10913404507710557,13396.0,66.0,2187.0,138.0,0.00490268905066112,0.9406451612903226,0.9950973109493388,True,True
classification,no_payment,full_model_matched_validation,forest_d16_l20_half,2,63151,0.0,15787,,,,,2325.0,13462.0,0.14727307278140242,0.5,0.3106278814717328,0.6620736665372702,0.11661000808200725,0.14750485277196151,0.8575410147589789,0.6844660194174758,0.06064516129032258,0.11141841169498222,13397.0,65.0,2184.0,141.0,0.004828405883226861,0.9393548387096774,0.9951715941167731,True,True
classification,item_bearing_only,sensitivity,forest_d16_l20_half,2,62660,19.257823666965123,15674,,,,,2239.0,13435.0,0.1428480285823657,0.5,0.2690417301138565,0.6502753651686374,0.11608766675793833,0.14281074508574462,0.8579175704989154,0.5638297872340425,0.023671281822242072,0.04543506215173596,13394.0,41.0,2186.0,53.0,0.0030517305545217713,0.9763287181777579,0.9969482694454782,True,True
classification,item_bearing_only,full_model_matched_validation,forest_d16_l20_half,2,63151,0.0,15674,,,,,2239.0,13435.0,0.1428480285823657,0.5,0.2683289901562667,0.6504326739517832,0.11613362976393943,0.14296017053708823,0.8582365701161159,0.5913978494623656,0.02456453774006253,0.04716981132075472,13397.0,38.0,2184.0,55.0,0.002828433196873837,0.9754354622599375,0.9971715668031261,True,True
classification,no_payment,sensitivity,forest_d16_l20_half,3,63151,16.54661462502554,15787,,,,,2325.0,13462.0,0.14727307278140242,0.5,0.3111553710052377,0.672705936103696,0.11663479218181075,0.1464024115368448,0.8563374928738836,0.620253164556962,0.06322580645161291,0.11475409836065574,13372.0,90.0,2178.0,147.0,0.0066854850690833455,0.9367741935483871,0.9933145149309166,True,True
classification,no_payment,full_model_matched_validation,forest_d16_l20_half,3,63151,0.0,15787,,,,,2325.0,13462.0,0.14727307278140242,0.5,0.31444707062877775,0.673640865646511,0.11639444511600133,0.1463824768283091,0.8569709254449864,0.6587677725118484,0.05978494623655914,0.10962145110410094,13390.0,72.0,2186.0,139.0,0.005348388055266677,0.9402150537634408,0.9946516119447333,True,True
classification,item_bearing_only,sensitivity,forest_d16_l20_half,3,62665,19.080128042027354,15669,,,,,2236.0,13433.0,0.14270215074350628,0.5,0.26780344428268515,0.6630810141420076,0.11581428600603788,0.141847325249665,0.8573616695385794,0.5050505050505051,0.022361359570661897,0.042826552462526764,13384.0,49.0,2186.0,50.0,0.0036477331943720686,0.9776386404293381,0.9963522668056279,True,True
classification,item_bearing_only,full_model_matched_validation,forest_d16_l20_half,3,63151,0.0,15669,,,,,2236.0,13433.0,0.14270215074350628,0.5,0.26704028055935136,0.6621074884735707,0.1159263918684777,0.14164258611915678,0.8577445912310933,0.5376344086021505,0.022361359570661897,0.042936882782310004,13390.0,43.0,2186.0,50.0,0.0032010719868979377,0.9776386404293381,0.9967989280131021,True,True
classification,no_payment,sensitivity,forest_d16_l20_half,4,63151,17.08214729098836,15787,,,,,2325.0,13462.0,0.14727307278140242,0.5,0.3131208920068512,0.6599172181992163,0.11648540301017611,0.14673362509903082,0.8576677012731995,0.703125,0.05806451612903226,0.10727056019070322,13405.0,57.0,2190.0,135.0,0.004234140543752786,0.9419354838709677,0.9957658594562472,True,True
classification,no_payment,full_model_matched_validation,forest_d16_l20_half,4,63151,0.0,15787,,,,,2325.0,13462.0,0.14727307278140242,0.5,0.3117886890924656,0.6601506430685817,0.11651518112294322,0.14671253368276269,0.8572242984734275,0.6731707317073171,0.05935483870967742,0.10909090909090909,13395.0,67.0,2187.0,138.0,0.00497697221809538,0.9406451612903226,0.9950230277819047,True,True
classification,item_bearing_only,sensitivity,forest_d16_l20_half,4,62659,19.32043858402176,15675,,,,,2235.0,13440.0,0.14258373205741626,0.5,0.26543770317927784,0.6479402198519228,0.11613689509902499,0.14197337536596247,0.8580542264752791,0.5543478260869565,0.022818791946308724,0.04383326171035668,13399.0,41.0,2184.0,51.0,0.003050595238095238,0.9771812080536912,0.9969494047619047,True,True
classification,item_bearing_only,full_model_matched_validation,forest_d16_l20_half,4,63151,0.0,15675,,,,,2235.0,13440.0,0.14258373205741626,0.5,0.2632301517824241,0.6475527990838392,0.11621147472989438,0.1422491939064646,0.8576076555023924,0.5161290322580645,0.021476510067114093,0.041237113402061855,13395.0,45.0,2187.0,48.0,0.0033482142857142855,0.978523489932886,0.9966517857142857,True,True
