policy,n,positives,negatives,prevalence,threshold,average_precision,roc_auc,brier,mean_probability,accuracy,precision_1,recall_1,f1_1,tn,fp,fn,tp,fpr,fnr,specificity,precision_defined,ranking_metrics_defined,cost_ratio_fn_to_fp,illustrative_cost,mean_illustrative_cost,alerts,tie_break,assumption
optimized_development_oof,78938,11626,67312,0.1472801439104107,0.49642914423258233,0.31128397858517154,0.6641309517641807,0.11654707858030763,0.1473978771624965,0.8573944108034154,0.6657681940700808,0.06373645277825564,0.11633566213988539,66940,372,10885,741,0.005526503446636558,0.9362635472217443,0.9944734965533635,True,True,1,11257,0.14260558919658467,1113,highest threshold among equal integer costs,"hypothetical FP=1, FN=ratio; not measured intervention benefit"
default_0.5,78938,11626,67312,0.1472801439104107,0.5,0.31128397858517154,0.6641309517641807,0.11654707858030763,0.1473978771624965,0.857293065443766,0.6648401826484018,0.06261826939618097,0.11445641065953935,66945,367,10898,728,0.005452222486332303,0.937381730603819,0.9945477775136677,True,True,1,11265,,1095,,
no_alert,78938,11626,67312,0.1472801439104107,1.0000000000000002,0.31128397858517154,0.6641309517641807,0.11654707858030763,0.1473978771624965,0.8527198560895893,0.0,0.0,0.0,67312,0,11626,0,0.0,1.0,1.0,False,True,1,11626,,0,,
all_alert,78938,11626,67312,0.1472801439104107,0.0,0.31128397858517154,0.6641309517641807,0.11654707858030763,0.1473978771624965,0.1472801439104107,0.1472801439104107,1.0,0.2567466101320613,0,67312,0,11626,1.0,0.0,0.0,True,True,1,67312,,78938,,
optimized_development_oof,78938,11626,67312,0.1472801439104107,0.3329141774993941,0.31128397858517154,0.6641309517641807,0.11654707858030763,0.1473978771624965,0.849603486280372,0.46813471502590676,0.15542749010837778,0.23337207800594084,65259,2053,9819,1807,0.030499762300927026,0.8445725098916222,0.969500237699073,True,True,2,21691,0.27478527451924295,3860,highest threshold among equal integer costs,"hypothetical FP=1, FN=ratio; not measured intervention benefit"
default_0.5,78938,11626,67312,0.1472801439104107,0.5,0.31128397858517154,0.6641309517641807,0.11654707858030763,0.1473978771624965,0.857293065443766,0.6648401826484018,0.06261826939618097,0.11445641065953935,66945,367,10898,728,0.005452222486332303,0.937381730603819,0.9945477775136677,True,True,2,22163,,1095,,
no_alert,78938,11626,67312,0.1472801439104107,1.0000000000000002,0.31128397858517154,0.6641309517641807,0.11654707858030763,0.1473978771624965,0.8527198560895893,0.0,0.0,0.0,67312,0,11626,0,0.0,1.0,1.0,False,True,2,23252,,0,,
all_alert,78938,11626,67312,0.1472801439104107,0.0,0.31128397858517154,0.6641309517641807,0.11654707858030763,0.1473978771624965,0.1472801439104107,0.1472801439104107,1.0,0.2567466101320613,0,67312,0,11626,1.0,0.0,0.0,True,True,2,67312,,78938,,
optimized_development_oof,78938,11626,67312,0.1472801439104107,0.16387042604339028,0.31128397858517154,0.6641309517641807,0.11654707858030763,0.1473978771624965,0.7446223618536066,0.27299813780260707,0.44133837949423704,0.33733276355149405,53648,13664,6495,5131,0.20299500831946754,0.558661620505763,0.7970049916805324,True,True,5,46139,0.5844966936076414,18795,highest threshold among equal integer costs,"hypothetical FP=1, FN=ratio; not measured intervention benefit"
default_0.5,78938,11626,67312,0.1472801439104107,0.5,0.31128397858517154,0.6641309517641807,0.11654707858030763,0.1473978771624965,0.857293065443766,0.6648401826484018,0.06261826939618097,0.11445641065953935,66945,367,10898,728,0.005452222486332303,0.937381730603819,0.9945477775136677,True,True,5,54857,,1095,,
no_alert,78938,11626,67312,0.1472801439104107,1.0000000000000002,0.31128397858517154,0.6641309517641807,0.11654707858030763,0.1473978771624965,0.8527198560895893,0.0,0.0,0.0,67312,0,11626,0,0.0,1.0,1.0,False,True,5,58130,,0,,
all_alert,78938,11626,67312,0.1472801439104107,0.0,0.31128397858517154,0.6641309517641807,0.11654707858030763,0.1473978771624965,0.1472801439104107,0.1472801439104107,1.0,0.2567466101320613,0,67312,0,11626,1.0,0.0,0.0,True,True,5,67312,,78938,,
optimized_development_oof,78938,11626,67312,0.1472801439104107,0.09460928268529784,0.31128397858517154,0.6641309517641807,0.11654707858030763,0.1473978771624965,0.37176011553371,0.1714152184449214,0.8517976948219508,0.2853972736966483,19443,47869,1723,9903,0.7111510577608747,0.1482023051780492,0.2888489422391253,True,True,10,65099,0.8246851959765892,57772,highest threshold among equal integer costs,"hypothetical FP=1, FN=ratio; not measured intervention benefit"
default_0.5,78938,11626,67312,0.1472801439104107,0.5,0.31128397858517154,0.6641309517641807,0.11654707858030763,0.1473978771624965,0.857293065443766,0.6648401826484018,0.06261826939618097,0.11445641065953935,66945,367,10898,728,0.005452222486332303,0.937381730603819,0.9945477775136677,True,True,10,109347,,1095,,
no_alert,78938,11626,67312,0.1472801439104107,1.0000000000000002,0.31128397858517154,0.6641309517641807,0.11654707858030763,0.1473978771624965,0.8527198560895893,0.0,0.0,0.0,67312,0,11626,0,0.0,1.0,1.0,False,True,10,116260,,0,,
all_alert,78938,11626,67312,0.1472801439104107,0.0,0.31128397858517154,0.6641309517641807,0.11654707858030763,0.1473978771624965,0.1472801439104107,0.1472801439104107,1.0,0.2567466101320613,0,67312,0,11626,1.0,0.0,0.0,True,True,10,67312,,78938,,
