task,model,feature,group,n,positives,negatives,prevalence,threshold,average_precision,roc_auc,brier,mean_probability,accuracy,precision_1,recall_1,f1_1,tn,fp,fn,tp,fpr,fnr,specificity,precision_defined,ranking_metrics_defined
classification,dummy,customer_state,AC,73,11,62,0.1506849315068493,0.5,0.21163862118042562,0.6348973607038123,0.127990069568623,0.14728006348376851,0.8493150684931506,0.0,0.0,0.0,62,0,11,0,0.0,1.0,1.0,False,True
classification,dummy,customer_state,AL,336,81,255,0.24107142857142858,0.5,0.24511672234452042,0.5098765432098765,0.1917525430440904,0.14728029453608568,0.7589285714285714,0.0,0.0,0.0,255,0,81,0,0.0,1.0,1.0,False,True
classification,dummy,customer_state,AM,115,17,98,0.14782608695652175,0.5,0.1844127272227264,0.551920768307323,0.1259738727692103,0.14728024100278578,0.8521739130434782,0.0,0.0,0.0,98,0,17,0,0.0,1.0,1.0,False,True
classification,dummy,customer_state,AP,57,4,53,0.07017543859649122,0.5,0.11077128439828669,0.5943396226415094,0.07119600457931301,0.14728028772348317,0.9298245614035088,0.0,0.0,0.0,53,0,4,0,0.0,1.0,1.0,False,True
classification,dummy,customer_state,BA,2635,498,2137,0.1889943074003795,0.5,0.18820760191755576,0.4962216672022671,0.15501558308920482,0.14728008856477273,0.8110056925996205,0.0,0.0,0.0,2137,0,498,0,0.0,1.0,1.0,False,True
classification,dummy,customer_state,CE,1067,201,866,0.18837863167760074,0.5,0.20083427937697462,0.5337917801293762,0.15458103071016044,0.14728024197426265,0.8116213683223993,0.0,0.0,0.0,866,0,201,0,0.0,1.0,1.0,False,True
classification,dummy,customer_state,DF,1728,261,1467,0.15104166666666666,0.5,0.14719996560909693,0.4862505125533121,0.12824226393519328,0.14727981176605653,0.8489583333333334,0.0,0.0,0.0,1467,0,261,0,0.0,1.0,1.0,False,True
classification,dummy,customer_state,ES,1622,253,1369,0.155980271270037,0.5,0.14929760710027182,0.4748308825864642,0.13172621031074833,0.14728027894209952,0.844019728729963,0.0,0.0,0.0,1369,0,253,0,0.0,1.0,1.0,False,True
classification,dummy,customer_state,GO,1645,244,1401,0.14832826747720365,0.5,0.15491595561259547,0.5117699886497935,0.12632813575344087,0.14728014617577628,0.8516717325227964,0.0,0.0,0.0,1401,0,244,0,0.0,1.0,1.0,False,True
classification,dummy,customer_state,MA,606,127,479,0.20957095709570958,0.5,0.23521409637370655,0.5428385908963885,0.16953104270748762,0.14728012145880412,0.7904290429042904,0.0,0.0,0.0,479,0,127,0,0.0,1.0,1.0,False,True
classification,dummy,customer_state,MG,9242,1212,8030,0.13114044579095435,0.5,0.13065243219105718,0.49729130447291303,0.1142031409138135,0.14728012530548557,0.8688595542090457,0.0,0.0,0.0,8030,0,1212,0,0.0,1.0,1.0,False,True
classification,dummy,customer_state,MS,570,87,483,0.15263157894736842,0.5,0.1509517015775596,0.49516908212560384,0.12936380697497163,0.1472798826240985,0.8473684210526315,0.0,0.0,0.0,483,0,87,0,0.0,1.0,1.0,False,True
classification,dummy,customer_state,MT,723,105,618,0.14522821576763487,0.5,0.13910020113339616,0.4730312837108953,0.12414122784063676,0.1472797160268403,0.8547717842323651,0.0,0.0,0.0,618,0,105,0,0.0,1.0,1.0,False,True
classification,dummy,customer_state,PA,774,156,618,0.20155038759689922,0.5,0.21380225001160325,0.5353756949630737,0.16387284406978775,0.14727995934669927,0.7984496124031008,0.0,0.0,0.0,618,0,156,0,0.0,1.0,1.0,False,True
classification,dummy,customer_state,PB,429,78,351,0.18181818181818182,0.5,0.18481082394856188,0.510555920812331,0.14995311204584033,0.14728015719557552,0.8181818181818182,0.0,0.0,0.0,351,0,78,0,0.0,1.0,1.0,False,True
classification,dummy,customer_state,PE,1292,216,1076,0.16718266253869968,0.5,0.18079810132142982,0.539833746385791,0.13962854739051492,0.1472798410372615,0.8328173374613003,0.0,0.0,0.0,1076,0,216,0,0.0,1.0,1.0,False,True
classification,dummy,customer_state,PI,396,74,322,0.18686868686868688,0.5,0.1999613824316098,0.5368893738458955,0.15351581734359607,0.14728033742886698,0.8131313131313131,0.0,0.0,0.0,322,0,74,0,0.0,1.0,1.0,False,True
classification,dummy,customer_state,PR,3967,487,3480,0.12276279304260146,0.5,0.1273402540520207,0.5185884727040997,0.10829312053956124,0.1472801525215364,0.8772372069573985,0.0,0.0,0.0,3480,0,487,0,0.0,1.0,1.0,False,True
classification,dummy,customer_state,RJ,10119,2094,8025,0.2069374444115031,0.5,0.2061752540343231,0.49788947504663966,0.16767333081276958,0.14728024442718468,0.7930625555884969,0.0,0.0,0.0,8025,0,2094,0,0.0,1.0,1.0,False,True
classification,dummy,customer_state,RN,380,51,329,0.13421052631578947,0.5,0.13461339720880536,0.4993146194648072,0.1163689058518302,0.14728007764143947,0.8657894736842106,0.0,0.0,0.0,329,0,51,0,0.0,1.0,1.0,False,True
classification,dummy,customer_state,RO,191,31,160,0.16230366492146597,0.5,0.18070436720380276,0.5298387096774193,0.1361869086168534,0.147280033578441,0.837696335078534,0.0,0.0,0.0,160,0,31,0,0.0,1.0,1.0,False,True
classification,dummy,customer_state,RR,41,9,32,0.21951219512195122,0.5,0.20650406504065041,0.375,0.176544691196614,0.14727936959082769,0.7804878048780488,0.0,0.0,0.0,32,0,9,0,0.0,1.0,1.0,False,True
classification,dummy,customer_state,RS,4363,575,3788,0.1317900527160211,0.5,0.13487040219632423,0.5130076672329094,0.11466130731854268,0.14728007811742835,0.8682099472839789,0.0,0.0,0.0,3788,0,575,0,0.0,1.0,1.0,False,True
classification,dummy,customer_state,SC,2884,430,2454,0.14909847434119278,0.5,0.15136228100191243,0.50954161217566,0.12687131198334944,0.14728024557750638,0.8509015256588072,0.0,0.0,0.0,2454,0,430,0,0.0,1.0,1.0,False,True
classification,dummy,customer_state,SE,276,61,215,0.2210144927536232,0.5,0.20814450086862282,0.4564620663362562,0.1776042869103619,0.1472797201724784,0.7789855072463768,0.0,0.0,0.0,215,0,61,0,0.0,1.0,1.0,False,True
classification,dummy,customer_state,SP,33188,4234,28954,0.12757623237314691,0.5,0.12565299571865088,0.4918733791051752,0.11168881292974492,0.1472801594591755,0.872423767626853,0.0,0.0,0.0,28954,0,4234,0,0.0,1.0,1.0,False,True
classification,dummy,customer_state,TO,219,29,190,0.1324200913242009,0.5,0.13169435533338236,0.4978221415607985,0.11510580377010818,0.14728026751992151,0.867579908675799,0.0,0.0,0.0,190,0,29,0,0.0,1.0,1.0,False,True
classification,dummy,basket_size,0,604,468,136,0.7748344370860927,0.5,0.7585454932048766,0.4559530542986425,0.5682911154923926,0.14727981188847286,0.2251655629139073,0.0,0.0,0.0,136,0,468,0,0.0,1.0,1.0,False,True
classification,dummy,basket_size,1,70522,8975,61547,0.1272652505601089,0.5,0.12724619879726934,0.5000560660369934,0.1114693999276256,0.14728014346844537,0.872734749439891,0.0,0.0,0.0,61547,0,8975,0,0.0,1.0,1.0,False,True
classification,dummy,basket_size,2–3,7040,1908,5132,0.27102272727272725,0.5,0.27175092084190966,0.5016966650653361,0.21288161572139325,0.1472801760343732,0.7289772727272728,0.0,0.0,0.0,5132,0,1908,0,0.0,1.0,1.0,False,True
classification,dummy,basket_size,4+,772,275,497,0.35621761658031087,0.5,0.36554557546875355,0.5170148161697458,0.2729813899605421,0.1472801272960934,0.6437823834196891,0.0,0.0,0.0,497,0,275,0,0.0,1.0,1.0,False,True
classification,linear,customer_state,AC,73,11,62,0.1506849315068493,0.5,0.17108717553441286,0.49266862170087977,0.13376774182713014,0.1827028559462092,0.8493150684931506,0.0,0.0,0.0,62,0,11,0,0.0,1.0,1.0,False,True
classification,linear,customer_state,AL,336,81,255,0.24107142857142858,0.5,0.26355312888338517,0.5418058581457275,0.18846560396581968,0.23972977376745716,0.7529761904761905,0.3333333333333333,0.024691358024691357,0.04597701149425287,251,4,79,2,0.01568627450980392,0.9753086419753086,0.984313725490196,True,True
classification,linear,customer_state,AM,115,17,98,0.14782608695652175,0.5,0.34149010417145936,0.4561824729891956,0.12189168334425139,0.14106482089867087,0.8608695652173913,1.0,0.058823529411764705,0.1111111111111111,98,0,16,1,0.0,0.9411764705882353,1.0,True,True
classification,linear,customer_state,AP,57,4,53,0.07017543859649122,0.5,0.09200574966828837,0.47641509433962265,0.06998680823481013,0.09185409745295298,0.9298245614035088,0.0,0.0,0.0,53,0,4,0,0.0,1.0,1.0,False,True
classification,linear,customer_state,BA,2635,498,2137,0.1889943074003795,0.5,0.2926582503099565,0.6268762462108612,0.14874256389717666,0.1892021666619466,0.8113851992409867,0.5098039215686274,0.05220883534136546,0.0947176684881603,2112,25,472,26,0.01169864295741694,0.9477911646586346,0.988301357042583,True,True
classification,linear,customer_state,CE,1067,201,866,0.18837863167760074,0.5,0.3728335178781138,0.6898992336240276,0.14060901295796494,0.187572972305878,0.8209934395501406,0.7272727272727273,0.07960199004975124,0.14349775784753363,860,6,185,16,0.006928406466512702,0.9203980099502488,0.9930715935334873,True,True
classification,linear,customer_state,DF,1728,261,1467,0.15104166666666666,0.5,0.2999292191045926,0.649841859347536,0.1197841872653627,0.15105520097938527,0.8559027777777778,0.7727272727272727,0.06513409961685823,0.12014134275618374,1462,5,244,17,0.0034083162917518746,0.9348659003831418,0.9965916837082481,True,True
classification,linear,customer_state,ES,1622,253,1369,0.155980271270037,0.5,0.3159074842522575,0.6738076608816914,0.12298897320178344,0.15633707913896996,0.8489519112207151,0.7857142857142857,0.043478260869565216,0.08239700374531835,1366,3,242,11,0.002191380569758948,0.9565217391304348,0.997808619430241,True,True
classification,linear,customer_state,GO,1645,244,1401,0.14832826747720365,0.5,0.2844472539534533,0.6413832040345889,0.11944990859870996,0.14837206907652845,0.8559270516717326,0.6666666666666666,0.05737704918032787,0.10566037735849057,1394,7,230,14,0.004996431120628123,0.9426229508196722,0.9950035688793719,True,True
classification,linear,customer_state,MA,606,127,479,0.20957095709570958,0.5,0.29354716323334673,0.5749675340686798,0.16446415417467522,0.20999751162373637,0.7920792079207921,0.5294117647058824,0.07086614173228346,0.125,471,8,118,9,0.016701461377870562,0.9291338582677166,0.9832985386221295,True,True
classification,linear,customer_state,MG,9242,1212,8030,0.13114044579095435,0.5,0.2778976943378041,0.6526592727765927,0.10643383528676806,0.13113946966767615,0.8740532352304696,0.7033898305084746,0.06848184818481848,0.12481203007518797,7995,35,1129,83,0.0043586550435865505,0.9315181518151815,0.9956413449564134,True,True
classification,linear,customer_state,MS,570,87,483,0.15263157894736842,0.5,0.39803110384286144,0.7217343709097832,0.11498643959148197,0.15192720493744058,0.856140350877193,0.8571428571428571,0.06896551724137931,0.1276595744680851,482,1,81,6,0.002070393374741201,0.9310344827586207,0.9979296066252588,True,True
classification,linear,customer_state,MT,723,105,618,0.14522821576763487,0.5,0.31529675226548715,0.6715980890738172,0.11439614246218412,0.14339643853787437,0.8603042876901799,0.7,0.06666666666666667,0.12173913043478261,615,3,98,7,0.0048543689320388345,0.9333333333333333,0.9951456310679612,True,True
classification,linear,customer_state,PA,774,156,618,0.20155038759689922,0.5,0.3697925309965687,0.6488361961662932,0.15060643367743196,0.20052366565684035,0.8062015503875969,0.75,0.057692307692307696,0.10714285714285714,615,3,147,9,0.0048543689320388345,0.9423076923076923,0.9951456310679612,True,True
classification,linear,customer_state,PB,429,78,351,0.18181818181818182,0.5,0.3016746685270342,0.5973774563518153,0.1429347705367234,0.18165807484199706,0.8228438228438228,0.6666666666666666,0.05128205128205128,0.09523809523809523,349,2,74,4,0.005698005698005698,0.9487179487179487,0.9943019943019943,True,True
classification,linear,customer_state,PE,1292,216,1076,0.16718266253869968,0.5,0.2368621558420889,0.5703049703979072,0.13752356266303664,0.1675102294360392,0.8351393188854489,0.6666666666666666,0.027777777777777776,0.05333333333333334,1073,3,210,6,0.0027881040892193307,0.9722222222222222,0.9972118959107806,True,True
classification,linear,customer_state,PI,396,74,322,0.18686868686868688,0.5,0.24830519881192437,0.5833473224777572,0.15151132902281725,0.18840897247160587,0.8131313131313131,0.5,0.013513513513513514,0.02631578947368421,321,1,73,1,0.003105590062111801,0.9864864864864865,0.9968944099378882,True,True
classification,linear,customer_state,PR,3967,487,3480,0.12276279304260146,0.5,0.27316868879960016,0.6569036323727253,0.1007205494798243,0.12278572485252463,0.8807663221578018,0.6296296296296297,0.06981519507186858,0.1256931608133087,3460,20,453,34,0.005747126436781609,0.9301848049281314,0.9942528735632183,True,True
classification,linear,customer_state,RJ,10119,2094,8025,0.2069374444115031,0.5,0.3729602289406321,0.6749943913331966,0.15269503906094217,0.20684120675284887,0.798497875284119,0.6354679802955665,0.06160458452722063,0.11232041793643883,7951,74,1965,129,0.009221183800623053,0.9383954154727794,0.9907788161993769,True,True
classification,linear,customer_state,RN,380,51,329,0.13421052631578947,0.5,0.23043204351312457,0.6174384647476011,0.11327863242513693,0.1376413566521197,0.8657894736842106,0.5,0.0196078431372549,0.03773584905660377,328,1,50,1,0.00303951367781155,0.9803921568627451,0.9969604863221885,True,True
classification,linear,customer_state,RO,191,31,160,0.16230366492146597,0.5,0.35800721741479025,0.6094758064516129,0.12299839093982229,0.15870745251500734,0.8586387434554974,1.0,0.12903225806451613,0.22857142857142856,160,0,27,4,0.0,0.8709677419354839,1.0,True,True
classification,linear,customer_state,RR,41,9,32,0.21951219512195122,0.5,0.27662184573238846,0.5659722222222222,0.17369361917427004,0.21677154034162047,0.7804878048780488,0.0,0.0,0.0,32,0,9,0,0.0,1.0,1.0,False,True
classification,linear,customer_state,RS,4363,575,3788,0.1317900527160211,0.5,0.2782726806009468,0.6651310775446491,0.10732232572234358,0.131750935329403,0.8718771487508595,0.6739130434782609,0.05391304347826087,0.0998389694041868,3773,15,544,31,0.00395987328405491,0.9460869565217391,0.9960401267159451,True,True
classification,linear,customer_state,SC,2884,430,2454,0.14909847434119278,0.5,0.30234059686440934,0.6650347794772654,0.11892384808132019,0.14917960513434675,0.8547156726768377,0.6410256410256411,0.05813953488372093,0.10660980810234541,2440,14,405,25,0.0057049714751426246,0.9418604651162791,0.9942950285248574,True,True
classification,linear,customer_state,SE,276,61,215,0.2210144927536232,0.5,0.36298537560741473,0.617918414029737,0.16571202175516977,0.21485462150170603,0.7789855072463768,0.5,0.04918032786885246,0.08955223880597014,212,3,58,3,0.013953488372093023,0.9508196721311475,0.986046511627907,True,True
classification,linear,customer_state,SP,33188,4234,28954,0.12757623237314691,0.5,0.2503935540044452,0.617653483810213,0.10544344022644975,0.1277571616107294,0.8771845245269374,0.6828703703703703,0.06967406707605102,0.1264466352336048,28817,137,3939,295,0.004731643296263038,0.9303259329239489,0.9952683567037369,True,True
classification,linear,customer_state,TO,219,29,190,0.1324200913242009,0.5,0.19348257593820473,0.6370235934664246,0.11784178386351975,0.12794672661356027,0.8584474885844748,0.0,0.0,0.0,188,2,29,0,0.010526315789473684,1.0,0.9894736842105263,True,True
classification,linear,basket_size,0,604,468,136,0.7748344370860927,0.5,0.7695562068382689,0.4931184012066365,0.1785132713399438,0.7747612759990988,0.7748344370860927,0.7748344370860927,1.0,0.8731343283582089,0,136,0,468,1.0,0.0,0.0,True,True
classification,linear,basket_size,1,70522,8975,61547,0.1272652505601089,0.5,0.1957713203942055,0.6132366862510084,0.10864957270245575,0.13094139437151509,0.8727205694676838,0.3333333333333333,0.00011142061281337047,0.00022276676319893073,61545,2,8974,1,3.249549125058898e-05,0.9998885793871867,0.9999675045087494,True,True
classification,linear,basket_size,2–3,7040,1908,5132,0.27102272727272725,0.5,0.3990707571054658,0.6434531921221063,0.18984033853910912,0.22589394147259806,0.7319602272727272,0.5384615384615384,0.0770440251572327,0.13480055020632736,5006,126,1761,147,0.024551831644583008,0.9229559748427673,0.975448168355417,True,True
classification,linear,basket_size,4+,772,275,497,0.35621761658031087,0.5,0.49779520139179434,0.6367002012072435,0.22960964559416494,0.43770977876948547,0.6567357512953368,0.5221238938053098,0.4290909090909091,0.47105788423153694,389,108,157,118,0.21730382293762576,0.5709090909090909,0.7826961770623743,True,True
classification,tree,customer_state,AC,73,11,62,0.1506849315068493,0.5,0.12101119428339542,0.3313782991202346,0.13332261584600127,0.17197518150984747,0.8493150684931506,0.0,0.0,0.0,62,0,11,0,0.0,1.0,1.0,False,True
classification,tree,customer_state,AL,336,81,255,0.24107142857142858,0.5,0.26737706767082225,0.5501331396756233,0.18970605067978982,0.16932263565056654,0.7559523809523809,0.3333333333333333,0.012345679012345678,0.023809523809523808,253,2,80,1,0.00784313725490196,0.9876543209876543,0.9921568627450981,True,True
classification,tree,customer_state,AM,115,17,98,0.14782608695652175,0.5,0.2387297406130212,0.5351140456182473,0.12089263720696533,0.1805779115363994,0.8608695652173913,1.0,0.058823529411764705,0.1111111111111111,98,0,16,1,0.0,0.9411764705882353,1.0,True,True
classification,tree,customer_state,AP,57,4,53,0.07017543859649122,0.5,0.13538587848932676,0.6108490566037735,0.0794885047469771,0.18880868590893185,0.9298245614035088,0.0,0.0,0.0,53,0,4,0,0.0,1.0,1.0,False,True
classification,tree,customer_state,BA,2635,498,2137,0.1889943074003795,0.5,0.2682753373573806,0.5773082972977545,0.1501160149851261,0.15489550830252583,0.8136622390891841,0.6206896551724138,0.03614457831325301,0.0683111954459203,2126,11,480,18,0.005147402901263453,0.963855421686747,0.9948525970987365,True,True
classification,tree,customer_state,CE,1067,201,866,0.18837863167760074,0.5,0.28285490627053905,0.5841462433789483,0.14607544796971916,0.17894908435822868,0.8134957825679475,0.5714285714285714,0.03980099502487562,0.07441860465116279,860,6,193,8,0.006928406466512702,0.9601990049751243,0.9930715935334873,True,True
classification,tree,customer_state,DF,1728,261,1467,0.15104166666666666,0.5,0.239958647481729,0.5301146291203409,0.12318405750245623,0.13719194729406167,0.8564814814814815,0.8095238095238095,0.06513409961685823,0.12056737588652482,1463,4,244,17,0.0027266530334014998,0.9348659003831418,0.9972733469665985,True,True
classification,tree,customer_state,ES,1622,253,1369,0.155980271270037,0.5,0.26020607186090566,0.5985976896670199,0.12646091546186344,0.13416972528287607,0.8458692971639951,0.5789473684210527,0.043478260869565216,0.08088235294117647,1361,8,242,11,0.005843681519357195,0.9565217391304348,0.9941563184806428,True,True
classification,tree,customer_state,GO,1645,244,1401,0.14832826747720365,0.5,0.25886954324725836,0.6054179684300441,0.12038981537854153,0.13812470449891276,0.8559270516717326,0.6296296296296297,0.06967213114754098,0.12546125461254612,1391,10,227,17,0.007137758743754461,0.930327868852459,0.9928622412562456,True,True
classification,tree,customer_state,MA,606,127,479,0.20957095709570958,0.5,0.28045688242897027,0.5345947101080005,0.16261288632590015,0.18113182287590576,0.7937293729372937,0.625,0.03937007874015748,0.07407407407407407,476,3,122,5,0.006263048016701462,0.9606299212598425,0.9937369519832986,True,True
classification,tree,customer_state,MG,9242,1212,8030,0.13114044579095435,0.5,0.2581240750766295,0.6133683402586834,0.10721038436115193,0.13828859063280982,0.8739450335425233,0.6516129032258065,0.08333333333333333,0.14776883686905634,7976,54,1111,101,0.0067247820672478205,0.9166666666666666,0.9932752179327522,True,True
classification,tree,customer_state,MS,570,87,483,0.15263157894736842,0.5,0.3696245245816055,0.6598129506675233,0.1136852504849861,0.14145697485377975,0.8578947368421053,0.8,0.09195402298850575,0.16494845360824742,481,2,79,8,0.004140786749482402,0.9080459770114943,0.9958592132505176,True,True
classification,tree,customer_state,MT,723,105,618,0.14522821576763487,0.5,0.29715022708019945,0.5909616273693943,0.11525387779470486,0.1543756315295604,0.8616874135546335,0.6666666666666666,0.09523809523809523,0.16666666666666666,613,5,95,10,0.008090614886731391,0.9047619047619048,0.9919093851132686,True,True
classification,tree,customer_state,PA,774,156,618,0.20155038759689922,0.5,0.32421195064836644,0.5868496390341051,0.1530336326812148,0.18164654610131967,0.8036175710594315,0.75,0.038461538461538464,0.07317073170731707,616,2,150,6,0.003236245954692557,0.9615384615384616,0.9967637540453075,True,True
classification,tree,customer_state,PB,429,78,351,0.18181818181818182,0.5,0.2790304203872716,0.5548980933596318,0.14399630181640732,0.17944277473332204,0.8251748251748252,0.8,0.05128205128205128,0.0963855421686747,350,1,74,4,0.002849002849002849,0.9487179487179487,0.9971509971509972,True,True
classification,tree,customer_state,PE,1292,216,1076,0.16718266253869968,0.5,0.22228079205087725,0.5563816604708798,0.13557900613983145,0.1735808433844782,0.8359133126934984,0.8333333333333334,0.023148148148148147,0.04504504504504504,1075,1,211,5,0.0009293680297397769,0.9768518518518519,0.9990706319702602,True,True
classification,tree,customer_state,PI,396,74,322,0.18686868686868688,0.5,0.24294098512330903,0.5441287560852779,0.1491854111631867,0.17068760493515417,0.8156565656565656,1.0,0.013513513513513514,0.02666666666666667,322,0,73,1,0.0,0.9864864864864865,1.0,True,True
classification,tree,customer_state,PR,3967,487,3480,0.12276279304260146,0.5,0.24540262396961743,0.6227203261818783,0.101643752734755,0.1392507685862775,0.8802621628434585,0.5909090909090909,0.08008213552361396,0.1410488245931284,3453,27,448,39,0.007758620689655172,0.919917864476386,0.9922413793103448,True,True
classification,tree,customer_state,RJ,10119,2094,8025,0.2069374444115031,0.5,0.3286555409612642,0.6247749243499451,0.15428029498285248,0.20175273264680185,0.7975096353394604,0.6717557251908397,0.04202483285577841,0.07910112359550561,7982,43,2006,88,0.005358255451713396,0.9579751671442216,0.9946417445482866,True,True
classification,tree,customer_state,RN,380,51,329,0.13421052631578947,0.5,0.17996012722113575,0.6046248286548662,0.11693319507561188,0.17758546279077814,0.8657894736842106,0.5,0.0196078431372549,0.03773584905660377,328,1,50,1,0.00303951367781155,0.9803921568627451,0.9969604863221885,True,True
classification,tree,customer_state,RO,191,31,160,0.16230366492146597,0.5,0.35771935411848443,0.6476814516129032,0.1222981921887499,0.19065280138253046,0.8534031413612565,0.8,0.12903225806451613,0.2222222222222222,159,1,27,4,0.00625,0.8709677419354839,0.99375,True,True
classification,tree,customer_state,RR,41,9,32,0.21951219512195122,0.5,0.31416065416065414,0.6545138888888888,0.16848720075569137,0.19425484958178607,0.7804878048780488,0.0,0.0,0.0,32,0,9,0,0.0,1.0,1.0,False,True
classification,tree,customer_state,RS,4363,575,3788,0.1317900527160211,0.5,0.24507419276113002,0.6030244249575318,0.10852506016669983,0.1380925701101483,0.8705019482007793,0.578125,0.06434782608695652,0.11580594679186229,3761,27,538,37,0.007127771911298838,0.9356521739130435,0.9928722280887011,True,True
classification,tree,customer_state,SC,2884,430,2454,0.14909847434119278,0.5,0.23803096447030714,0.5683805272834102,0.12212248597387369,0.13840845089368115,0.8554091539528432,0.696969696969697,0.053488372093023255,0.09935205183585313,2444,10,407,23,0.004074979625101874,0.9465116279069767,0.9959250203748982,True,True
classification,tree,customer_state,SE,276,61,215,0.2210144927536232,0.5,0.3354391713766159,0.5797560045749142,0.1679213464922745,0.17140335890592784,0.7862318840579711,0.6666666666666666,0.06557377049180328,0.11940298507462686,213,2,57,4,0.009302325581395349,0.9344262295081968,0.9906976744186047,True,True
classification,tree,customer_state,SP,33188,4234,28954,0.12757623237314691,0.5,0.23321152815843715,0.5797609259767965,0.10576139050887463,0.1318064695741076,0.876009400988309,0.6247379454926625,0.07038261691072271,0.12651241774570154,28775,179,3936,298,0.00618222007321959,0.9296173830892773,0.9938177799267804,True,True
classification,tree,customer_state,TO,219,29,190,0.1324200913242009,0.5,0.18433876833977564,0.6011796733212342,0.1188942839991467,0.16477892030015906,0.8493150684931506,0.0,0.0,0.0,186,4,29,0,0.021052631578947368,1.0,0.9789473684210527,True,True
classification,tree,basket_size,0,604,468,136,0.7748344370860927,0.5,0.7631093910984788,0.4626696832579185,0.17730812902789897,0.7739336067179926,0.7748344370860927,0.7748344370860927,1.0,0.8731343283582089,0,136,0,468,1.0,0.0,0.0,True,True
classification,tree,basket_size,1,70522,8975,61547,0.1272652505601089,0.5,0.16761401150391064,0.5595879300159359,0.10962131062640812,0.12730938405706646,0.872734749439891,0.0,0.0,0.0,61547,0,8975,0,0.0,1.0,1.0,False,True
classification,tree,basket_size,2–3,7040,1908,5132,0.27102272727272725,0.5,0.35828609915652343,0.6035167898710928,0.19143221232818203,0.27641159682758243,0.7223011363636364,0.4467120181405896,0.10324947589098532,0.16773094934014474,4888,244,1711,197,0.0475448168355417,0.8967505241090147,0.9524551831644583,True,True
classification,tree,basket_size,4+,772,275,497,0.35621761658031087,0.5,0.44384952918212617,0.5731626120358514,0.22410644720930548,0.317656846593631,0.6683937823834197,0.6461538461538462,0.15272727272727274,0.24705882352941178,474,23,233,42,0.04627766599597585,0.8472727272727273,0.9537223340040242,True,True
