task,model,feature,group,n,mae,rmse,r2,negative_predictions
regression,dummy,customer_state,AC,72,10.297678112139916,13.763273262809012,-1.2208755632365516,0
regression,dummy,customer_state,AL,327,14.448462807226187,18.322932065679108,-1.5227214259953765,0
regression,dummy,customer_state,AM,114,16.6212561931449,21.996038083293833,-1.139550976951845,0
regression,dummy,customer_state,AP,57,15.180075840643276,17.11537111731832,-3.195243507463945,0
regression,dummy,customer_state,BA,2560,9.818695280852141,14.986802397178165,-0.6105687875321444,0
regression,dummy,customer_state,CE,1039,11.400188231873598,16.437537039029493,-0.7878459175734134,0
regression,dummy,customer_state,DF,1687,5.138484773952227,7.556058675893561,-0.1509731722187091,0
regression,dummy,customer_state,ES,1614,6.658830810558079,11.939999421278584,-0.27149330721087006,0
regression,dummy,customer_state,GO,1600,6.218328768807871,9.877871858245298,-0.3663192577158598,0
regression,dummy,customer_state,MA,585,11.502849012741374,15.954833317548486,-0.9628151326561745,0
regression,dummy,customer_state,MG,9078,4.750747752375503,7.3809096479298795,-0.06329122801116305,0
regression,dummy,customer_state,MS,558,6.441095118976503,9.551108361567014,-0.4798107534020697,0
regression,dummy,customer_state,MT,714,8.113493757456688,11.56356573478356,-0.8221439045196495,0
regression,dummy,customer_state,PA,760,13.621617073282163,17.6256487361161,-1.3736684481470043,0
regression,dummy,customer_state,PB,419,11.195601796605677,15.698138211053037,-0.8830790754374542,0
regression,dummy,customer_state,PE,1254,8.905891480595427,13.308185571256015,-0.5991347247809271,0
regression,dummy,customer_state,PI,383,9.96289706931148,18.479650845486432,-0.35377339353948245,0
regression,dummy,customer_state,PR,3894,4.638039839603664,6.95519306471402,-0.06598104744265476,0
regression,dummy,customer_state,RJ,9847,7.435465054571048,12.508969018620054,-0.18831159521046636,0
regression,dummy,customer_state,RN,374,9.344577082095464,13.343491635533427,-0.6757813550571239,0
regression,dummy,customer_state,RO,184,9.096929536533816,11.915894126623309,-1.2693755472529684,0
regression,dummy,customer_state,RR,36,17.899083719135803,32.8553971485087,-0.38637652410177914,0
regression,dummy,customer_state,RS,4283,6.533828560750513,9.885909128955696,-0.3445123938583068,0
regression,dummy,customer_state,SC,2835,6.647675889182833,9.918060470852016,-0.30417569765434593,0
regression,dummy,customer_state,SE,267,11.61737636981551,21.192120870167706,-0.39100737471732994,0
regression,dummy,customer_state,SP,32383,4.852511731156667,6.952469780374245,-0.044749470132552815,0
regression,dummy,customer_state,TO,215,8.136209167743324,10.909836128996307,-1.0036021503090993,0
regression,dummy,basket_size,1,69365,6.134905028602721,9.8181825964629,-0.06371952024770278,0
regression,dummy,basket_size,2–3,7005,5.6867785427736806,8.792448483223897,-0.032304098596482866,0
regression,dummy,basket_size,4+,769,5.683387636661368,8.572865101696193,-0.049913133057554404,0
regression,linear,customer_state,AC,72,6.006183615318751,8.932803340748944,0.06447304318012592,0
regression,linear,customer_state,AL,327,8.936471180775124,11.4231189878869,0.019497389749559835,0
regression,linear,customer_state,AM,114,8.840215295795387,14.828844401131771,0.027592434902187213,0
regression,linear,customer_state,AP,57,6.6327721275436105,8.48535869816061,-0.03115735667033337,0
regression,linear,customer_state,BA,2560,7.111326760986006,11.298417867327304,0.08463019612691347,0
regression,linear,customer_state,CE,1039,7.4186636539104995,11.311335926576396,0.1533880408565933,0
regression,linear,customer_state,DF,1687,4.610777792303578,6.434853764078688,0.16525866245617016,0
regression,linear,customer_state,ES,1614,5.798657996822018,10.187287548579292,0.07440159691116577,0
regression,linear,customer_state,GO,1600,4.992716180090759,7.991000727696245,0.10581423021969016,0
regression,linear,customer_state,MA,585,6.975349388215811,11.05448181261943,0.05773809388220541,0
regression,linear,customer_state,MG,9078,4.404288019440458,6.579331421061158,0.15511815039844845,0
regression,linear,customer_state,MS,558,5.389347338709428,7.417539690781726,0.10747910566117125,0
regression,linear,customer_state,MT,714,5.461357711483267,7.861393301356713,0.157833088400835,0
regression,linear,customer_state,PA,760,8.344294103614105,11.066630718372226,0.0642481983255857,0
regression,linear,customer_state,PB,419,7.904553434774253,11.286072707137563,0.026674843577705887,0
regression,linear,customer_state,PE,1254,7.264138087132002,10.217284032520315,0.057419847103015176,0
regression,linear,customer_state,PI,383,7.875827559099158,15.273417740412947,0.07523600586702706,0
regression,linear,customer_state,PR,3894,4.26986303729072,6.071636860891641,0.18765094151297435,0
regression,linear,customer_state,RJ,9847,6.852364010664758,10.47360304092024,0.1669337878438092,0
regression,linear,customer_state,RN,374,7.093805948211395,9.739160680883604,0.107267304294686,0
regression,linear,customer_state,RO,184,5.819261474673191,7.51962758066851,0.09625529962129864,0
regression,linear,customer_state,RR,36,14.127152719480561,28.12695704233031,-0.016045725503159636,0
regression,linear,customer_state,RS,4283,5.4339092091915235,7.685398613619206,0.18742327757998012,0
regression,linear,customer_state,SC,2835,5.504168849612677,7.766131048171747,0.20036456931384328,0
regression,linear,customer_state,SE,267,8.750453711499715,17.475865706316156,0.054072208517329634,0
regression,linear,customer_state,SP,32383,3.886793630358344,6.332004215305089,0.13340469760748497,8
regression,linear,customer_state,TO,215,5.471465536165295,7.059836344377709,0.1609954774464828,0
regression,linear,basket_size,1,69365,5.035092134329187,8.047540968763784,0.2853534325214574,0
regression,linear,basket_size,2–3,7005,4.619576958094176,7.24776956840357,0.2985499650020895,2
regression,linear,basket_size,4+,769,4.550964270665209,6.771288667319138,0.3449958590743285,6
regression,tree,customer_state,AC,72,6.164568179170214,8.856994355703396,0.08028452058439295,0
regression,tree,customer_state,AL,327,9.164143424047527,12.42673234331476,-0.1603613148390619,0
regression,tree,customer_state,AM,114,10.234419333796085,15.625037002977907,-0.07963218182996346,0
regression,tree,customer_state,AP,57,8.000186231760328,10.010014278089521,-0.43500669360866917,0
regression,tree,customer_state,BA,2560,7.042493367489098,11.552988639919105,0.04291610430579307,0
regression,tree,customer_state,CE,1039,7.366641193661478,11.693168658709734,0.09526576140574106,0
regression,tree,customer_state,DF,1687,5.2454523750727855,6.9262210187483815,0.032909205600818,0
regression,tree,customer_state,ES,1614,5.938633766230546,10.515000294507612,0.013892991614834482,0
regression,tree,customer_state,GO,1600,5.1094451716275175,8.3754010185123,0.01771698488914697,0
regression,tree,customer_state,MA,585,7.113558221420034,11.451094804615671,-0.011087811913481627,0
regression,tree,customer_state,MG,9078,5.141753177353422,7.087626166706731,0.019530567091394335,0
regression,tree,customer_state,MS,558,5.293767442704307,7.543302947272474,0.07695742363916169,0
regression,tree,customer_state,MT,714,6.046552828994622,8.45624618477724,0.025561664007720974,0
regression,tree,customer_state,PA,760,8.11942994982127,11.485668688847593,-0.007957927163297907,0
regression,tree,customer_state,PB,419,7.923592230194362,11.487328170395406,-0.008347711768812438,0
regression,tree,customer_state,PE,1254,7.7751651298718105,10.579166335054408,-0.010532414659558231,0
regression,tree,customer_state,PI,383,7.912062057983874,15.671463864412717,0.026406685864742485,0
regression,tree,customer_state,PR,3894,5.002195914749635,6.59273888560643,0.04222641728797294,0
regression,tree,customer_state,RJ,9847,6.877790690059957,10.866975469986349,0.103181260389691,0
regression,tree,customer_state,RN,374,7.03726055222021,9.54920404918852,0.14175214692098836,0
regression,tree,customer_state,RO,184,5.752239321939088,7.505143906546844,0.09973338084277905,0
regression,tree,customer_state,RR,36,13.552116177034073,28.302706592225334,-0.028782792590808404,0
regression,tree,customer_state,RS,4283,5.600381205307932,8.178208437445775,0.07987266658098957,0
regression,tree,customer_state,SC,2835,5.748805060122134,8.343878215990761,0.07696426951773372,0
regression,tree,customer_state,SE,267,8.242901898340639,17.664708561422543,0.033518509136770236,0
regression,tree,customer_state,SP,32383,4.003548544392385,6.428400361338676,0.10681838818122513,0
regression,tree,customer_state,TO,215,6.363827821084008,7.959061245838182,-0.06634743290928724,0
regression,tree,basket_size,1,69365,5.237579538280441,8.338774875975147,0.23269254455696753,0
regression,tree,basket_size,2–3,7005,5.037516602346055,7.6422964850406325,0.22010569071782982,0
regression,tree,basket_size,4+,769,5.2351622118176495,7.434366196202946,0.21043245729496696,0
