bin,n,positives,mean_probability,observed_rate
"(-0.001, 0.1]",28647,2500.0,0.08954159981181392,0.0872691730373163
"(0.1, 0.2]",37541,5093.0,0.13299882964275112,0.13566500625982258
"(0.2, 0.3]",7639,1822.0,0.2422008024765622,0.23851289435790024
"(0.3, 0.4]",2897,996.0,0.34204467233809577,0.34380393510528134
"(0.4, 0.5]",1119,487.0,0.4440103479958821,0.4352100089365505
"(0.5, 0.6]",417,226.0,0.5397374893013472,0.5419664268585132
"(0.6, 0.7]",159,96.0,0.6422548478282115,0.6037735849056604
"(0.7, 0.8]",288,219.0,0.7551247496874727,0.7604166666666666
"(0.8, 0.9]",220,177.0,0.8396842310235616,0.8045454545454546
"(0.9, 1.0]",11,10.0,0.9061741961597679,0.9090909090909091
