task,fold,partition,n,mae,rmse,r2,negative_predictions,positives,negatives,prevalence,threshold,average_precision,roc_auc,brier,mean_probability,accuracy,precision_1,recall_1,f1_1,tn,fp,fn,tp,fpr,fnr,specificity,precision_defined,ranking_metrics_defined
regression,0,training_resubstitution,4792,3.9654414178183917,6.584066857275575,0.26778975853354736,0.0,,,,,,,,,,,,,,,,,,,,,
regression,0,validation,6905,4.218980525241776,7.319529851073982,0.13881867694016592,0.0,,,,,,,,,,,,,,,,,,,,,
regression,1,training_resubstitution,11519,3.980779488255718,6.672060085750962,0.27490693331503036,0.0,,,,,,,,,,,,,,,,,,,,,
regression,1,validation,8424,4.436464314208165,6.830257265479927,0.1462070687768955,0.0,,,,,,,,,,,,,,,,,,,,,
regression,2,training_resubstitution,19701,3.8703671072281196,7.564450108189909,0.25089713672789493,0.0,,,,,,,,,,,,,,,,,,,,,
regression,2,validation,12329,6.207056808205309,9.792257034729962,0.06410077914955958,0.0,,,,,,,,,,,,,,,,,,,,,
regression,3,training_resubstitution,30601,3.8229603328493362,7.06988597807421,0.2660759414252092,0.0,,,,,,,,,,,,,,,,,,,,,
regression,3,validation,13227,6.746315864813291,10.78029073106657,0.004261963368795696,0.0,,,,,,,,,,,,,,,,,,,,,
regression,4,training_resubstitution,43505,4.299703828369266,7.458660943129785,0.30878944204718306,0.0,,,,,,,,,,,,,,,,,,,,,
regression,4,validation,12655,4.609246586964862,7.115270541634108,0.2685818130848815,0.0,,,,,,,,,,,,,,,,,,,,,
classification,0,training_resubstitution,4830,,,,,636.0,4194.0,0.13167701863354037,0.5,0.3441666892217246,0.7740760235496652,0.10671831472404701,0.13077894233259083,0.8683229813664596,0.0,0.0,0.0,4194.0,0.0,636.0,0.0,0.0,1.0,1.0,False,True
classification,0,validation,7027,,,,,832.0,6195.0,0.11840045538636687,0.5,0.14631812721628984,0.5507816865338052,0.10423943311433097,0.12881434110979365,0.8815995446136331,0.0,0.0,0.0,6195.0,0.0,832.0,0.0,0.0,1.0,1.0,False,True
classification,1,training_resubstitution,11590,,,,,1542.0,10048.0,0.13304572907679033,0.5,0.30115618468389205,0.7360886938544532,0.10924427750691991,0.13363220340172569,0.8669542709232096,0.0,0.0,0.0,10048.0,0.0,1542.0,0.0,0.0,1.0,1.0,False,True
classification,1,validation,8573,,,,,1010.0,7563.0,0.11781173451533886,0.5,0.17362079932234822,0.570970514346159,0.10317913217397756,0.13967393938055084,0.8821882654846611,0.0,0.0,0.0,7563.0,0.0,1010.0,0.0,0.0,1.0,1.0,False,True
classification,2,training_resubstitution,19824,,,,,2472.0,17352.0,0.12469733656174334,0.5,0.27339134063959025,0.7186648018899736,0.10377214856962477,0.12483004454127583,0.8753026634382567,0.0,0.0,0.0,17352.0,0.0,2472.0,0.0,0.0,1.0,1.0,False,True
classification,2,validation,12473,,,,,2013.0,10460.0,0.16138859937464925,0.5,0.2303179210316722,0.5723225895921253,0.1333219816981123,0.15050172573452017,0.8386114006253508,0.0,0.0,0.0,10460.0,0.0,2013.0,0.0,0.0,1.0,1.0,False,True
classification,3,training_resubstitution,30636,,,,,3917.0,26719.0,0.12785611698655178,0.5,0.27901156511070085,0.7130899517661868,0.10547369862397322,0.1275121405031895,0.8721438830134483,0.0,0.0,0.0,26719.0,0.0,3917.0,0.0,0.0,1.0,1.0,False,True
classification,3,validation,13373,,,,,2441.0,10932.0,0.18253196739699395,0.5,0.2887938110027561,0.6010499077159868,0.14697943750372885,0.13937541926896477,0.817468032603006,0.0,0.0,0.0,10932.0,0.0,2441.0,0.0,0.0,1.0,1.0,False,True
classification,4,training_resubstitution,43650,,,,,6018.0,37632.0,0.13786941580756013,0.5,0.3004294191339227,0.707300953131959,0.1114028408001392,0.13723471805351026,0.8623596792668957,0.9166666666666666,0.0018278497839813892,0.003648424543946932,37631.0,1.0,6007.0,11.0,2.657312925170068e-05,0.9981721502160186,0.9999734268707483,True,True
classification,4,validation,12150,,,,,1754.0,10396.0,0.14436213991769548,0.5,0.2567758732807551,0.6358382236743103,0.1187381565754052,0.13344760780184686,0.8556378600823046,0.5,0.0011402508551881414,0.0022753128555176336,10394.0,2.0,1752.0,2.0,0.00019238168526356292,0.9988597491448119,0.9998076183147364,True,True
