transformed_feature,coefficient,odds_ratio
numeric__n_items,0.15647371141443983,1.1693800205682432
numeric__has_items,-0.07396099477596439,0.9287079175952142
numeric__n_products,0.04298347907975843,1.0439206481783805
numeric__n_sellers,0.16748770119960865,1.182330748845625
numeric__total_price,0.05205056412820776,1.053429006886082
numeric__total_freight,0.07871504506600181,1.081895986542098
numeric__freight_ratio,0.011029674098452267,1.0110907252052888
numeric__freight_ratio_missing,0.073960994775964,1.0767648052246483
numeric__interstate_share,0.12125067466651683,1.1289078655039841
numeric__missingindicator_total_price,0.073960994775964,1.0767648052246483
numeric__missingindicator_total_freight,0.073960994775964,1.0767648052246483
numeric__missingindicator_freight_ratio,0.073960994775964,1.0767648052246483
numeric__missingindicator_interstate_share,0.073960994775964,1.0767648052246483
categorical__customer_state_AL,0.2109840961987844,1.2348927154169538
categorical__customer_state_AM,-0.029816494327878758,0.970623632148951
categorical__customer_state_AP,-0.041047442270476416,0.9597835945547646
categorical__customer_state_BA,0.13375731691934126,1.1431153712201534
categorical__customer_state_CE,0.11149188341752866,1.117944670078593
categorical__customer_state_DF,-0.045506437897495755,0.9555134510544994
categorical__customer_state_ES,-0.015448436820108368,0.9846702781734411
categorical__customer_state_GO,-0.09252937390458522,0.9116224326608172
categorical__customer_state_MA,0.07745438182671427,1.0805329393953684
categorical__customer_state_MG,-0.2408116631323726,0.7859896432767918
categorical__customer_state_MS,-0.0530094964320093,0.948371006298754
categorical__customer_state_MT,-0.06715881433556073,0.9350466907253758
categorical__customer_state_PA,0.14675798087550937,1.158073653139418
categorical__customer_state_PB,0.014044742952619973,1.0141438337128856
categorical__customer_state_PE,0.03933173514545735,1.0401154692815593
categorical__customer_state_PI,0.019239964683222702,1.0194262455650056
categorical__customer_state_PR,-0.2618491908288974,0.7696270817783062
categorical__customer_state_RJ,0.3456111648749817,1.4128531420691244
categorical__customer_state_RN,-0.07275430506967882,0.9298292562973918
categorical__customer_state_RO,-0.02673416332916761,0.9736200310326475
categorical__customer_state_RR,0.021791476557712894,1.0220306449007146
categorical__customer_state_RS,-0.18160632215804873,0.8339295753976583
categorical__customer_state_SC,-0.03249651780089561,0.9680258206840828
categorical__customer_state_SE,0.09495159718799251,1.0996056298334032
categorical__customer_state_SP,-0.13174532020049218,0.8765642098512407
categorical__customer_state_TO,-0.039249380819923935,0.9615108968694913
categorical__primary_seller_state_AM,0.005383152069806861,1.00539766726706
categorical__primary_seller_state_BA,-0.08452688696175129,0.9189469473532464
categorical__primary_seller_state_CE,-0.004600973957568364,0.9954095943087922
categorical__primary_seller_state_DF,0.07096874874231238,1.0735476756290654
categorical__primary_seller_state_ES,0.013217933631264191,1.0133056766837467
categorical__primary_seller_state_GO,-0.07990002269851694,0.9232086416815428
categorical__primary_seller_state_MA,0.024542027626875462,1.0248456620331967
categorical__primary_seller_state_MG,-0.056532209850765104,0.945036044534954
categorical__primary_seller_state_MS,-0.020607146316722818,0.9796037299197196
categorical__primary_seller_state_MT,-0.074351069924257,0.9283457223628099
categorical__primary_seller_state_PA,-0.007830095943262127,0.9922004794033012
categorical__primary_seller_state_PB,0.02088106401536061,1.0211005988099806
categorical__primary_seller_state_PE,-0.10873625256002836,0.8969669590424375
categorical__primary_seller_state_PI,0.009801218592117543,1.0098494078441864
categorical__primary_seller_state_PR,0.023800502224094498,1.0240859946320162
categorical__primary_seller_state_RJ,0.0843041182590251,1.0879597119158404
categorical__primary_seller_state_RN,-0.004691629725755794,0.9953193587776065
categorical__primary_seller_state_RO,0.012719039938947914,1.0128002709556085
categorical__primary_seller_state_RS,-0.18343067156672804,0.832409583389738
categorical__primary_seller_state_SC,-0.03878430934440532,0.9619581721604537
categorical__primary_seller_state_SE,0.007605537938831952,1.0076345335048473
categorical__primary_seller_state_SP,0.2638724782031057,1.3019621571605449
categorical__primary_seller_state_Unknown,0.005784864258626019,1.0058016288973346
categorical__purchase_month_10,-0.13307014689624222,0.875403683103642
categorical__purchase_month_11,0.23643911081920393,1.266730423094138
categorical__purchase_month_12,0.12074814815633518,1.1283407018933265
categorical__purchase_month_2,0.3205724306667651,1.3779163001698311
categorical__purchase_month_3,0.38315055091747213,1.4668988564138488
categorical__purchase_month_4,-0.10386295664568683,0.9013488128222444
categorical__purchase_month_5,-0.29169495451484645,0.7469963690916759
categorical__purchase_month_6,-0.1389686148103962,0.8702553411585282
categorical__purchase_month_7,-0.2247242798565535,0.7987364161207868
categorical__purchase_month_8,-0.22802099602691778,0.796107544564542
categorical__purchase_month_9,-0.1919812341914751,0.8253223561876699
categorical__purchase_dayofweek_1,-0.028822563200103863,0.9715888447882802
categorical__purchase_dayofweek_2,-0.06624125899225496,0.9359050415446606
categorical__purchase_dayofweek_3,-0.030921939455969955,0.9695512538204857
categorical__purchase_dayofweek_4,0.03196295831133216,1.0324792598214858
categorical__purchase_dayofweek_5,-0.0338978417468982,0.9666702529378094
categorical__purchase_dayofweek_6,-0.020723940621239462,0.9794893244644645
categorical__purchase_hour_1,0.07234007621841168,1.0750208709392948
categorical__purchase_hour_10,0.03601934465421759,1.0366759004337844
categorical__purchase_hour_11,-0.03322080816549416,0.9673249427596823
categorical__purchase_hour_12,0.029618635329138585,1.030061629923958
categorical__purchase_hour_13,-0.06002102987701813,0.9417447286001763
categorical__purchase_hour_14,-0.01995791019736882,0.9802399305437025
categorical__purchase_hour_15,0.009208499901723873,1.00925102857848
categorical__purchase_hour_16,-0.04014551432478551,0.9606496406974094
categorical__purchase_hour_17,-0.04667105162064557,0.9544012947187163
categorical__purchase_hour_18,0.04811513932374658,1.0492914630789474
categorical__purchase_hour_19,0.0751620086795192,1.0780587916188664
categorical__purchase_hour_2,0.04105338952614102,1.0419077310205993
categorical__purchase_hour_20,-0.018263336453792793,0.9819024276065096
categorical__purchase_hour_21,0.015905989760637944,1.016033163395251
categorical__purchase_hour_22,-0.07019521610732417,0.9322118193792283
categorical__purchase_hour_23,0.016724199276032622,1.0168648315905153
categorical__purchase_hour_3,-0.12134477149924343,0.8857285329904654
categorical__purchase_hour_4,0.020392420070514193,1.0206017660710174
categorical__purchase_hour_5,0.0006088701988909065,1.0006090555979765
categorical__purchase_hour_6,0.03754919863573383,1.0382630769522037
categorical__purchase_hour_7,-0.10013129965383574,0.9047186209953696
categorical__purchase_hour_8,-0.0897651029838678,0.9141458901953844
categorical__purchase_hour_9,-0.08485033120064846,0.9186497673204485
