task,feature,mean,std
classification,customer_state,0.01660173382685662,0.011456590976694528
classification,freight_ratio,0.005653351291464703,0.00424894033513423
classification,freight_ratio_missing,0.003933994896730277,0.0026122085991995914
classification,has_items,0.0042405635729779656,0.0029821032307551566
classification,interstate_share,0.005638831848100674,0.0030368753334598336
classification,n_items,0.025357904191231007,0.008243306052890568
classification,n_products,2.6814290894294768e-05,0.0014422764223896711
classification,n_sellers,0.01839563146254817,0.006171917100091084
classification,primary_seller_state,0.005283034722462711,0.0023739931434088634
classification,purchase_dayofweek,-0.00047805492352712885,0.0009523081513537104
classification,purchase_hour,0.0008752146078357207,0.0014430819127499463
classification,purchase_month,-0.002755278090285777,0.008960007418666935
classification,total_freight,0.011905120527414508,0.0038615450646438277
classification,total_price,0.006482586543789957,0.00309943615805738
regression,customer_state,0.19921484736789985,0.12939041117344408
regression,distance_km_max,0.9545147266898126,0.20892958768954376
regression,distance_missing_fraction,0.0,0.0
regression,freight_ratio,0.0010005091250011588,0.0015452431032320737
regression,freight_ratio_missing,0.0,0.0
regression,has_items,0.0,0.0
regression,n_items,0.0,0.0
regression,n_products,0.0,0.0
regression,purchase_dayofweek,0.00044428569566346,0.0010601693445281767
regression,purchase_hour,0.0,0.0
regression,purchase_month,0.004636926814531132,0.01024900580058417
regression,total_freight,0.1744220184365951,0.11880676174876262
regression,total_price,0.0006967162939976863,0.001069749556722255
