task,dimension,subgroup,small_support_flag,n,mae,rmse,r2,negative_predictions,unavailable_reason,average_precision,roc_auc,positives,negatives,precision_1,recall_1,f1_1,brier,threshold,prevalence,mean_probability,accuracy,tn,fp,fn,tp,fpr,fnr,specificity,precision_defined,ranking_metrics_defined,alerts,illustrative_cost_5_to_1,alert_fraction
regression,customer_state,AC,True,52,6.337368475521288,9.959211480418391,0.011254291070649569,0.0,,,,,,,,,,,,,,,,,,,,,,,,,
regression,customer_state,AL,False,223,9.669545189803921,12.682220051540979,-0.2503494066446106,0.0,,,,,,,,,,,,,,,,,,,,,,,,,
regression,customer_state,AM,True,66,14.193641009618945,20.430032809588333,-0.3858267741154391,0.0,,,,,,,,,,,,,,,,,,,,,,,,,
regression,customer_state,AP,True,41,8.14606350104754,9.838715769152202,-0.6809286587586008,0.0,,,,,,,,,,,,,,,,,,,,,,,,,
regression,customer_state,BA,False,1740,6.878965226190711,10.508970805600534,-0.04297784518001335,0.0,,,,,,,,,,,,,,,,,,,,,,,,,
regression,customer_state,CE,False,733,7.451838479866871,11.995231678079154,-0.011784044581778952,0.0,,,,,,,,,,,,,,,,,,,,,,,,,
regression,customer_state,DF,False,1160,5.147050641434449,7.152571548119317,-0.004060916231718004,0.0,,,,,,,,,,,,,,,,,,,,,,,,,
regression,customer_state,ES,False,1151,5.930968837761609,9.159979029519906,-0.11831866275691105,0.0,,,,,,,,,,,,,,,,,,,,,,,,,
regression,customer_state,GO,False,1160,5.556897951952238,8.689727254217877,-0.13934783470739132,0.0,,,,,,,,,,,,,,,,,,,,,,,,,
regression,customer_state,MA,False,419,6.978002464707671,10.09796078229664,-0.07824718255285235,0.0,,,,,,,,,,,,,,,,,,,,,,,,,
regression,customer_state,MG,False,6375,4.84109631562094,7.027318492348636,0.010215534589300468,0.0,,,,,,,,,,,,,,,,,,,,,,,,,
regression,customer_state,MS,False,395,5.833877658945101,8.94345233222937,-0.11415450317280085,0.0,,,,,,,,,,,,,,,,,,,,,,,,,
regression,customer_state,MT,False,512,5.882419526156082,8.844963966718906,-0.11084673091407882,0.0,,,,,,,,,,,,,,,,,,,,,,,,,
regression,customer_state,PA,False,490,9.282410503559996,12.94319816367325,-0.27212364891295726,0.0,,,,,,,,,,,,,,,,,,,,,,,,,
regression,customer_state,PB,False,266,8.13056489104523,12.46124293222598,-0.11123279811412501,0.0,,,,,,,,,,,,,,,,,,,,,,,,,
regression,customer_state,PE,False,852,7.477161931555947,10.855108745791338,-0.012809844341057142,0.0,,,,,,,,,,,,,,,,,,,,,,,,,
regression,customer_state,PI,False,265,6.902831806054865,9.231993229396148,-0.019663726308623453,0.0,,,,,,,,,,,,,,,,,,,,,,,,,
regression,customer_state,PR,False,2703,4.720830646681407,6.657898610549493,0.045137530098853684,0.0,,,,,,,,,,,,,,,,,,,,,,,,,
regression,customer_state,RJ,False,6956,7.559113071254365,12.431350535032834,-0.08769466626140376,0.0,,,,,,,,,,,,,,,,,,,,,,,,,
regression,customer_state,RN,False,264,6.960103622591888,9.664290614071055,0.10188661680309807,0.0,,,,,,,,,,,,,,,,,,,,,,,,,
regression,customer_state,RO,False,119,5.732031952389493,7.9145353129687654,0.003471077653722121,0.0,,,,,,,,,,,,,,,,,,,,,,,,,
regression,customer_state,RR,True,19,11.699273068122867,17.146024438127164,-0.25509872775246256,0.0,,,,,,,,,,,,,,,,,,,,,,,,,
regression,customer_state,RS,False,3061,6.153791833217505,9.184987808694432,-0.05270172528021977,0.0,,,,,,,,,,,,,,,,,,,,,,,,,
regression,customer_state,SC,False,2019,6.264343743141835,8.940122060131026,-0.0023452387358453564,0.0,,,,,,,,,,,,,,,,,,,,,,,,,
regression,customer_state,SE,False,161,7.346419093966657,10.246281105264758,-0.07347223823487603,0.0,,,,,,,,,,,,,,,,,,,,,,,,,
regression,customer_state,SP,False,22193,4.091709022910351,6.491329006004998,0.07927319117720999,0.0,,,,,,,,,,,,,,,,,,,,,,,,,
regression,customer_state,TO,False,145,6.0936203283283765,8.437937983475308,-0.02915291427993294,0.0,,,,,,,,,,,,,,,,,,,,,,,,,
regression,basket_size,0,True,0,,,,,empty subgroup,,,,,,,,,,,,,,,,,,,,,,,,
regression,basket_size,1,False,48089,5.366484113787292,8.587640410567865,0.17682365506163888,0.0,,,,,,,,,,,,,,,,,,,,,,,,,
regression,basket_size,2-3,False,4917,5.266102032578011,8.090915460461325,0.16694161989442546,0.0,,,,,,,,,,,,,,,,,,,,,,,,,
regression,basket_size,4+,False,534,5.4747116483974905,8.141545371341586,0.17709854100084732,0.0,,,,,,,,,,,,,,,,,,,,,,,,,
regression,observed_duration_days,0-7,False,12629,4.297097845237793,4.959868193011207,-9.01607565390101,0.0,,,,,,,,,,,,,,,,,,,,,,,,,
regression,observed_duration_days,7-14,False,22310,2.6974909458299923,3.458953145236351,-1.9484950177471854,0.0,,,,,,,,,,,,,,,,,,,,,,,,,
regression,observed_duration_days,14-30,False,15711,6.234494949727253,7.545299465650024,-2.2340282660917996,0.0,,,,,,,,,,,,,,,,,,,,,,,,,
regression,observed_duration_days,30+,False,2890,25.773893570313966,29.007042521936906,-4.284423688911739,0.0,,,,,,,,,,,,,,,,,,,,,,,,,
classification,customer_state,AC,True,52,,,,,,0.3186906439926398,0.6278409090909091,8.0,44.0,0.18181818181818182,0.5,0.26666666666666666,0.12851776752666577,0.15087684563771,0.15384615384615385,0.14697749347127503,0.5769230769230769,26.0,18.0,4.0,4.0,0.4090909090909091,0.5,0.5909090909090909,True,True,22.0,38.0,0.4230769230769231
classification,customer_state,AL,False,228,,,,,,0.286115075622277,0.5381944444444444,60.0,168.0,0.27976190476190477,0.7833333333333333,0.41228070175438597,0.20436708961298738,0.15087684563771,0.2631578947368421,0.1764059452535354,0.41228070175438597,47.0,121.0,13.0,47.0,0.7202380952380952,0.21666666666666667,0.27976190476190477,True,True,168.0,186.0,0.7368421052631579
classification,customer_state,AM,True,66,,,,,,0.41692565222569966,0.6095679012345679,12.0,54.0,0.2608695652173913,0.5,0.34285714285714286,0.13338832279212381,0.15087684563771,0.18181818181818182,0.1651195751621421,0.6515151515151515,37.0,17.0,6.0,6.0,0.3148148148148148,0.5,0.6851851851851852,True,True,23.0,47.0,0.3484848484848485
classification,customer_state,AP,True,41,,,,,,0.13405388471177943,0.527027027027027,4.0,37.0,0.0625,0.25,0.1,0.0925530316776777,0.15087684563771,0.0975609756097561,0.15156179112733836,0.5609756097560976,22.0,15.0,3.0,1.0,0.40540540540540543,0.75,0.5945945945945946,True,True,16.0,30.0,0.3902439024390244
classification,customer_state,BA,False,1773,,,,,,0.2781486146151441,0.5744402144167927,349.0,1424.0,0.2260343087790111,0.6418338108882522,0.33432835820895523,0.1556698353028426,0.15087684563771,0.19684151156232374,0.1682612635701253,0.49689791314156795,657.0,767.0,125.0,224.0,0.538623595505618,0.35816618911174786,0.461376404494382,True,True,991.0,1392.0,0.5589396503102086
classification,customer_state,CE,False,750,,,,,,0.2926711433078104,0.5619167132417299,161.0,589.0,0.24324324324324326,0.33540372670807456,0.2819843342036554,0.1690251941440834,0.15087684563771,0.21466666666666667,0.1520267450062637,0.6333333333333333,421.0,168.0,107.0,54.0,0.28522920203735147,0.6645962732919255,0.7147707979626485,True,True,222.0,703.0,0.296
classification,customer_state,DF,False,1171,,,,,,0.2928595408951197,0.5830656214023353,185.0,986.0,0.25274725274725274,0.372972972972973,0.30131004366812225,0.12545991390079142,0.15087684563771,0.15798462852263023,0.15142293842165794,0.726729291204099,782.0,204.0,116.0,69.0,0.20689655172413793,0.6270270270270271,0.7931034482758621,True,True,273.0,784.0,0.233134073441503
classification,customer_state,ES,False,1139,,,,,,0.23987666123306078,0.5308459402799025,185.0,954.0,0.20361990950226244,0.24324324324324326,0.22167487684729065,0.13266650878211403,0.15087684563771,0.16242317822651448,0.14555339405904344,0.7225636523266022,778.0,176.0,140.0,45.0,0.18448637316561844,0.7567567567567568,0.8155136268343816,True,True,221.0,876.0,0.19402985074626866
classification,customer_state,GO,False,1173,,,,,,0.252728866632615,0.5975654235433574,176.0,997.0,0.23109243697478993,0.3125,0.26570048309178745,0.1227864345805968,0.15087684563771,0.15004262574595056,0.1493236455550725,0.7408354646206309,814.0,183.0,121.0,55.0,0.18355065195586762,0.6875,0.8164493480441324,True,True,238.0,788.0,0.2028985507246377
classification,customer_state,MA,False,426,,,,,,0.3420862979406467,0.5681383762103218,97.0,329.0,0.25757575757575757,0.5257731958762887,0.34576271186440677,0.1741005381793414,0.15087684563771,0.22769953051643194,0.16522367519007444,0.5469483568075117,182.0,147.0,46.0,51.0,0.44680851063829785,0.4742268041237113,0.5531914893617021,True,True,198.0,377.0,0.4647887323943662
classification,customer_state,MG,False,6415,,,,,,0.26039281595830865,0.5916614775846352,857.0,5558.0,0.3071104387291982,0.23687281213535588,0.26745718050065875,0.1094282661812394,0.15087684563771,0.13359314107560405,0.1307092199647117,0.8266562743569759,5100.0,458.0,654.0,203.0,0.08240374235336452,0.7631271878646441,0.9175962576466354,True,True,661.0,3728.0,0.10303975058456742
classification,customer_state,MS,False,399,,,,,,0.40167781435294503,0.67712641611221,67.0,332.0,0.3384615384615385,0.3283582089552239,0.3333333333333333,0.12648903381178514,0.15087684563771,0.16791979949874686,0.14368538076767912,0.7794486215538847,289.0,43.0,45.0,22.0,0.12951807228915663,0.6716417910447762,0.8704819277108434,True,True,65.0,268.0,0.16290726817042606
classification,customer_state,MT,False,502,,,,,,0.2625109904451347,0.5591284901057197,68.0,434.0,0.17415730337078653,0.45588235294117646,0.25203252032520324,0.1134866202031983,0.15087684563771,0.13545816733067728,0.15644783722713645,0.6334661354581673,287.0,147.0,37.0,31.0,0.3387096774193548,0.5441176470588235,0.6612903225806451,True,True,178.0,332.0,0.3545816733067729
classification,customer_state,PA,False,500,,,,,,0.34414153617159227,0.5539509064099228,122.0,378.0,0.27932960893854747,0.4098360655737705,0.33222591362126247,0.1868173132852383,0.15087684563771,0.244,0.15783972903674903,0.598,249.0,129.0,72.0,50.0,0.3412698412698413,0.5901639344262295,0.6587301587301587,True,True,179.0,489.0,0.358
classification,customer_state,PB,False,277,,,,,,0.25937067898969535,0.5431623931623931,52.0,225.0,0.21374045801526717,0.5384615384615384,0.30601092896174864,0.14983957351044408,0.15087684563771,0.18772563176895307,0.16460834107485878,0.5415162454873647,122.0,103.0,24.0,28.0,0.4577777777777778,0.46153846153846156,0.5422222222222223,True,True,131.0,223.0,0.4729241877256318
classification,customer_state,PE,False,859,,,,,,0.2666091581531007,0.5864538626609441,160.0,699.0,0.2358490566037736,0.46875,0.3138075313807531,0.15131463160257488,0.15087684563771,0.18626309662398138,0.15640120950376077,0.6181606519208381,456.0,243.0,85.0,75.0,0.34763948497854075,0.53125,0.6523605150214592,True,True,318.0,668.0,0.370197904540163
classification,customer_state,PI,False,273,,,,,,0.2736684391322544,0.5823327615780446,53.0,220.0,0.23529411764705882,0.4528301886792453,0.3096774193548387,0.15715200156735654,0.15087684563771,0.19413919413919414,0.15398924361165142,0.608058608058608,142.0,78.0,29.0,24.0,0.35454545454545455,0.5471698113207547,0.6454545454545455,True,True,102.0,223.0,0.37362637362637363
classification,customer_state,PR,False,2729,,,,,,0.23762429179529332,0.5942297780907235,347.0,2382.0,0.3107142857142857,0.2507204610951009,0.27751196172248804,0.10683499753523217,0.15087684563771,0.1271528032246244,0.13096568775358444,0.83400513008428,2189.0,193.0,260.0,87.0,0.08102434928631402,0.7492795389048992,0.918975650713686,True,True,280.0,1493.0,0.10260168559912056
classification,customer_state,RJ,False,7035,,,,,,0.33333797425702516,0.5889955331103883,1617.0,5418.0,0.2720806164789567,0.5677179962894249,0.36786215187337207,0.1752945224850293,0.15087684563771,0.2298507462686567,0.16480127498251193,0.5515280739161336,2962.0,2456.0,699.0,918.0,0.45330380214101146,0.4322820037105751,0.5466961978589886,True,True,3374.0,5951.0,0.47960199004975124
classification,customer_state,RN,False,265,,,,,,0.23777224201738853,0.6134956224642323,42.0,223.0,0.2191780821917808,0.38095238095238093,0.2782608695652174,0.13234375395771172,0.15087684563771,0.15849056603773584,0.14936439362699583,0.6867924528301886,166.0,57.0,26.0,16.0,0.2556053811659193,0.6190476190476191,0.7443946188340808,True,True,73.0,187.0,0.27547169811320754
classification,customer_state,RO,False,118,,,,,,0.25602180910793176,0.4566103669190449,17.0,101.0,0.11290322580645161,0.4117647058823529,0.17721518987341772,0.11894103476336862,0.15087684563771,0.1440677966101695,0.16575471289636629,0.4491525423728814,46.0,55.0,10.0,7.0,0.5445544554455446,0.5882352941176471,0.45544554455445546,True,True,62.0,105.0,0.5254237288135594
classification,customer_state,RR,True,22,,,,,,0.3744311759791636,0.5047619047619047,7.0,15.0,0.3333333333333333,0.5714285714285714,0.42105263157894735,0.24650457627651978,0.15087684563771,0.3181818181818182,0.15348246509476507,0.5,7.0,8.0,3.0,4.0,0.5333333333333333,0.42857142857142855,0.4666666666666667,True,True,12.0,23.0,0.5454545454545454
classification,customer_state,RS,False,3071,,,,,,0.24551246725554882,0.5690781680404242,428.0,2643.0,0.3054662379421222,0.2219626168224299,0.2571041948579161,0.11517505177297656,0.15087684563771,0.1393682839465972,0.1318710917468995,0.8212308694236405,2427.0,216.0,333.0,95.0,0.08172531214528944,0.7780373831775701,0.9182746878547106,True,True,311.0,1881.0,0.10126994464343862
classification,customer_state,SC,False,2031,,,,,,0.269414994678437,0.59112915611528,329.0,1702.0,0.23851203501094093,0.331306990881459,0.27735368956743,0.13104167326233396,0.15087684563771,0.16198916789758738,0.14820528346392475,0.7203348104382078,1354.0,348.0,220.0,109.0,0.2044653349001175,0.668693009118541,0.7955346650998825,True,True,457.0,1448.0,0.22501230920728704
classification,customer_state,SE,False,164,,,,,,0.3324593427168896,0.5923061669641088,41.0,123.0,0.29333333333333333,0.5365853658536586,0.3793103448275862,0.19500042110029306,0.15087684563771,0.25,0.15839108671598176,0.5609756097560976,70.0,53.0,19.0,22.0,0.43089430894308944,0.4634146341463415,0.5691056910569106,True,True,75.0,148.0,0.4573170731707317
classification,customer_state,SP,False,22368,,,,,,0.25252349503571286,0.588661436094989,2895.0,19473.0,0.29892761394101874,0.23108808290155441,0.26066627703097606,0.1065030817353288,0.15087684563771,0.12942596566523606,0.13303703965994113,0.8303379828326181,17904.0,1569.0,2226.0,669.0,0.08057310121706979,0.7689119170984456,0.9194268987829302,True,True,2238.0,12699.0,0.10005364806866952
classification,customer_state,TO,False,146,,,,,,0.18824459517679015,0.5119535519125684,24.0,122.0,0.2,0.4166666666666667,0.2702702702702703,0.1444469366759838,0.15087684563771,0.1643835616438356,0.15994636513882368,0.6301369863013698,82.0,40.0,14.0,10.0,0.32786885245901637,0.5833333333333334,0.6721311475409836,True,True,50.0,110.0,0.3424657534246575
classification,basket_size,0,False,397,,,,,,0.7934734378091018,0.5086147877681424,313.0,84.0,0.7884130982367759,1.0,0.8816901408450705,0.16741147884560478,0.15087684563771,0.7884130982367759,0.7618339308195635,0.7884130982367759,0.0,84.0,0.0,313.0,1.0,0.0,0.0,True,True,397.0,84.0,1.0
classification,basket_size,1,False,48196,,,,,,0.16638110556370495,0.566264826439397,6441.0,41755.0,0.19814753556070128,0.18599596335972676,0.19187955473692642,0.11513904688446383,0.15087684563771,0.13364179599966802,0.12709070581371154,0.7906257780728692,36907.0,4848.0,5243.0,1198.0,0.11610585558615735,0.8140040366402732,0.8838941444138426,True,True,6046.0,31063.0,0.12544609511162752
classification,basket_size,2-3,False,4875,,,,,,0.3978558445526736,0.6098203495212747,1409.0,3466.0,0.3060453400503778,0.8623136976579134,0.4517568321249303,0.2048954213204186,0.15087684563771,0.28902564102564104,0.20790667297588966,0.3950769230769231,711.0,2755.0,194.0,1215.0,0.794864396999423,0.1376863023420866,0.20513560300057704,True,True,3970.0,3725.0,0.8143589743589743
classification,basket_size,4+,False,525,,,,,,0.5004381113249325,0.5971615384615384,200.0,325.0,0.38095238095238093,1.0,0.5517241379310345,0.23232482749216649,0.15087684563771,0.38095238095238093,0.40068907515595553,0.38095238095238093,0.0,325.0,0.0,200.0,1.0,0.0,0.0,True,True,525.0,325.0,1.0
