transformed_feature,impurity_importance
numeric__n_items,0.0
numeric__has_items,0.0
numeric__n_products,0.0
numeric__total_price,0.00019754104540662144
numeric__total_freight,0.0788439909797707
numeric__freight_ratio,0.0006068397691208284
numeric__freight_ratio_missing,0.0
numeric__distance_km_max,0.27580520352945254
numeric__distance_missing_fraction,0.0
numeric__missingindicator_distance_km_max,0.0
categorical__customer_state_AC,0.0
categorical__customer_state_AL,0.0
categorical__customer_state_AM,0.0
categorical__customer_state_AP,0.0
categorical__customer_state_BA,0.0
categorical__customer_state_CE,0.0
categorical__customer_state_DF,0.0
categorical__customer_state_ES,0.0
categorical__customer_state_GO,0.0
categorical__customer_state_MA,0.0
categorical__customer_state_MG,0.03110796057620387
categorical__customer_state_MS,0.0
categorical__customer_state_MT,0.0
categorical__customer_state_PA,0.0
categorical__customer_state_PB,0.0
categorical__customer_state_PE,0.0
categorical__customer_state_PI,0.0
categorical__customer_state_PR,0.0
categorical__customer_state_RJ,0.0
categorical__customer_state_RN,0.0
categorical__customer_state_RO,0.0
categorical__customer_state_RR,0.0
categorical__customer_state_RS,0.0
categorical__customer_state_SC,0.0
categorical__customer_state_SE,0.0
categorical__customer_state_SP,0.5249489448618647
categorical__customer_state_TO,0.0
categorical__purchase_month_1,0.0
categorical__purchase_month_10,0.0
categorical__purchase_month_11,0.0005129105756928659
categorical__purchase_month_12,0.0
categorical__purchase_month_2,0.006042577639549804
categorical__purchase_month_3,0.011303171112589489
categorical__purchase_month_4,0.0
categorical__purchase_month_5,0.0672551839177227
categorical__purchase_month_6,0.0
categorical__purchase_month_7,0.0
categorical__purchase_month_8,0.0025209741167757675
categorical__purchase_month_9,0.0
categorical__purchase_dayofweek_0,0.0
categorical__purchase_dayofweek_1,0.0
categorical__purchase_dayofweek_2,0.0
categorical__purchase_dayofweek_3,0.0
categorical__purchase_dayofweek_4,0.0
categorical__purchase_dayofweek_5,0.0
categorical__purchase_dayofweek_6,0.0
categorical__purchase_hour_0,0.0
categorical__purchase_hour_1,0.0
categorical__purchase_hour_10,0.0
categorical__purchase_hour_11,0.0
categorical__purchase_hour_12,0.0
categorical__purchase_hour_13,0.0
categorical__purchase_hour_14,0.0
categorical__purchase_hour_15,0.0008547018758502426
categorical__purchase_hour_16,0.0
categorical__purchase_hour_17,0.0
categorical__purchase_hour_18,0.0
categorical__purchase_hour_19,0.0
categorical__purchase_hour_2,0.0
categorical__purchase_hour_20,0.0
categorical__purchase_hour_21,0.0
categorical__purchase_hour_22,0.0
categorical__purchase_hour_23,0.0
categorical__purchase_hour_3,0.0
categorical__purchase_hour_4,0.0
categorical__purchase_hour_5,0.0
categorical__purchase_hour_6,0.0
categorical__purchase_hour_7,0.0
categorical__purchase_hour_8,0.0
categorical__purchase_hour_9,0.0
