task,role,n,mae,rmse,r2,negative_predictions,positives,negatives,prevalence,threshold,average_precision,roc_auc,brier,mean_probability,accuracy,precision_1,recall_1,f1_1,tn,fp,fn,tp,fpr,fnr,specificity,precision_defined,ranking_metrics_defined,alerts,illustrative_cost_5_to_1,alert_fraction,precision_unavailable_reason
regression,dummy,15615,4.8877909187806114,6.303318903707672,-0.14610179637325071,0.0,,,,,,,,,,,,,,,,,,,,,,,,,
regression,forest,15615,4.232483298792303,5.661573572960067,0.07538923783585005,0.0,,,,,,,,,,,,,,,,,,,,,,,,,
regression,linear,15615,4.480582266681733,5.869632167274742,0.006183036120999241,0.0,,,,,,,,,,,,,,,,,,,,,,,,,
regression,selected,15615,3.718507883405468,5.308519349596004,0.18711063305887277,0.0,,,,,,,,,,,,,,,,,,,,,,,,,
classification,dummy,15769,,,,,1707.0,14062.0,0.10825036463948252,0.5,0.10825036463948252,0.5,0.0982696688858093,0.14993304318714434,0.8917496353605174,,0.0,0.0,14062.0,0.0,1707.0,0.0,0.0,1.0,1.0,False,True,0.0,8535.0,0.0,no predicted positives
classification,forest,15769,,,,,1707.0,14062.0,0.10825036463948252,0.5,0.18232805238164657,0.5863745766613784,0.09488850996785776,0.13338856426103085,0.8916862197983385,0.3333333333333333,0.0005858230814294083,0.0011695906432748538,14060.0,2.0,1706.0,1.0,0.00014222727919214906,0.9994141769185706,0.9998577727208079,True,True,3.0,8532.0,0.00019024668653687616,
classification,linear,15769,,,,,1707.0,14062.0,0.10825036463948252,0.5,0.17515834795855145,0.5723827285257846,0.0969141657781286,0.14878001758441517,0.8906715708034751,0.43410852713178294,0.032806092560046865,0.06100217864923747,13989.0,73.0,1651.0,56.0,0.00519129569051344,0.9671939074399531,0.9948087043094865,True,True,129.0,8328.0,0.008180607521085674,
classification,selected,15769,,,,,1707.0,14062.0,0.10825036463948252,0.17,0.18232805238164657,0.5863745766613784,0.09488850996785776,0.13338856426103085,0.8027776016234384,0.19697624190064794,0.2671353251318102,0.22675285927399305,12203.0,1859.0,1251.0,456.0,0.13220025600910254,0.7328646748681898,0.8677997439908974,True,True,2315.0,8114.0,0.14680702644428942,
classification,tree,15769,,,,,1707.0,14062.0,0.10825036463948252,0.5,0.16303680922561326,0.5684831014912035,0.09462210289287878,0.12422217099612291,0.890925233052191,0.4235294117647059,0.0210896309314587,0.04017857142857143,14013.0,49.0,1671.0,36.0,0.003484568340207652,0.9789103690685413,0.9965154316597924,True,True,85.0,8404.0,0.005390322785211491,
