task,dimension,subgroup,small_support_flag,n,mae,rmse,r2,negative_predictions,unavailable_reason,average_precision,roc_auc,positives,negatives,precision_1,recall_1,f1_1,brier,threshold,prevalence,mean_probability,accuracy,tn,fp,fn,tp,fpr,fnr,specificity,precision_defined,ranking_metrics_defined,alerts,illustrative_cost_5_to_1,alert_fraction,ranking_unavailable_reason,ranking_support_sufficient
regression,customer_state,AC,True,10,8.296880470427114,9.011432967860845,-4.188150747230792,0.0,,,,,,,,,,,,,,,,,,,,,,,,,,,False
regression,customer_state,AL,True,56,5.826165241974118,7.12494000002507,-0.09192418310856865,0.0,,,,,,,,,,,,,,,,,,,,,,,,,,,False
regression,customer_state,AM,True,19,7.083359019488365,9.352752493059413,-0.04748416251895682,0.0,,,,,,,,,,,,,,,,,,,,,,,,,,,False
regression,customer_state,AP,True,10,9.183384283013453,10.681437353955033,-0.7377012111025285,0.0,,,,,,,,,,,,,,,,,,,,,,,,,,,False
regression,customer_state,BA,False,501,7.581498898604182,9.092475870406682,-0.2959349312824888,0.0,,,,,,,,,,,,,,,,,,,,,,,,,,,False
regression,customer_state,CE,False,172,7.906619424907165,8.851131759357433,-1.2242351361802015,0.0,,,,,,,,,,,,,,,,,,,,,,,,,,,False
regression,customer_state,DF,False,384,8.037060959718465,8.721751339067582,-2.325485039017401,0.0,,,,,,,,,,,,,,,,,,,,,,,,,,,False
regression,customer_state,ES,False,303,6.301931322301377,9.586896557362532,-0.24388669211670866,0.0,,,,,,,,,,,,,,,,,,,,,,,,,,,False
regression,customer_state,GO,False,291,6.154810126327977,7.431367486316306,-0.5702015497796717,0.0,,,,,,,,,,,,,,,,,,,,,,,,,,,False
regression,customer_state,MA,False,102,6.597142278987533,7.633200035824299,-0.0795202523776184,0.0,,,,,,,,,,,,,,,,,,,,,,,,,,,False
regression,customer_state,MG,False,1704,5.98055761677257,6.897150207569778,-1.137277376116304,0.0,,,,,,,,,,,,,,,,,,,,,,,,,,,False
regression,customer_state,MS,False,114,5.493269031967663,6.619568143017142,-0.6300487395105778,0.0,,,,,,,,,,,,,,,,,,,,,,,,,,,False
regression,customer_state,MT,False,125,6.801067390401461,8.378108200689512,-0.7898124077375988,0.0,,,,,,,,,,,,,,,,,,,,,,,,,,,False
regression,customer_state,PA,False,138,7.005353941715945,8.245565232365898,-0.9393861032590858,0.0,,,,,,,,,,,,,,,,,,,,,,,,,,,False
regression,customer_state,PB,True,96,7.708358023280947,9.170858771416164,-0.6772958585728717,0.0,,,,,,,,,,,,,,,,,,,,,,,,,,,False
regression,customer_state,PE,False,251,10.138886872991009,11.233750426453376,-1.1827628536253574,0.0,,,,,,,,,,,,,,,,,,,,,,,,,,,False
regression,customer_state,PI,True,68,7.9080142148110495,9.43172202311553,-0.08999972360866337,0.0,,,,,,,,,,,,,,,,,,,,,,,,,,,False
regression,customer_state,PR,False,782,7.667350085367827,8.405560543185397,-2.963226498741098,0.0,,,,,,,,,,,,,,,,,,,,,,,,,,,False
regression,customer_state,RJ,False,1790,7.534337694681478,8.581179661107644,-1.155625508082891,0.0,,,,,,,,,,,,,,,,,,,,,,,,,,,False
regression,customer_state,RN,True,69,8.596943805646202,9.52988459812921,-1.6264920814329784,0.0,,,,,,,,,,,,,,,,,,,,,,,,,,,False
regression,customer_state,RO,True,34,7.796692710517782,8.767610875737251,-1.9647294927176677,0.0,,,,,,,,,,,,,,,,,,,,,,,,,,,False
regression,customer_state,RR,True,9,7.642188999989841,8.747561315169147,-0.3972705454950589,0.0,,,,,,,,,,,,,,,,,,,,,,,,,,,False
regression,customer_state,RS,False,768,6.495454228349132,7.623667605314201,-1.0739185114708731,0.0,,,,,,,,,,,,,,,,,,,,,,,,,,,False
regression,customer_state,SC,False,499,7.297354768706972,8.021642787093125,-2.5218855790268746,0.0,,,,,,,,,,,,,,,,,,,,,,,,,,,False
regression,customer_state,SE,True,62,7.604976428819249,8.614266794041663,-1.4425197039699773,0.0,,,,,,,,,,,,,,,,,,,,,,,,,,,False
regression,customer_state,SP,False,7217,3.744742088075886,4.79054485227318,-0.18548126294607314,0.0,,,,,,,,,,,,,,,,,,,,,,,,,,,False
regression,customer_state,TO,True,41,6.404520845000484,7.421201882847089,-1.326325032044314,0.0,,,,,,,,,,,,,,,,,,,,,,,,,,,False
regression,basket_size,0,True,0,,,,,empty subgroup,,,,,,,,,,,,,,,,,,,,,,,,,,False
regression,basket_size,1,False,14124,5.510528163197224,6.879186010214033,-0.3214127867553722,0.0,,,,,,,,,,,,,,,,,,,,,,,,,,,False
regression,basket_size,2-3,False,1346,5.732487752928787,6.65355726927799,-0.9523898801593336,0.0,,,,,,,,,,,,,,,,,,,,,,,,,,,False
regression,basket_size,4+,False,145,6.639488771511862,7.5722640730810244,-1.0001253801001027,0.0,,,,,,,,,,,,,,,,,,,,,,,,,,,False
regression,observed_duration_days,0-7,False,6789,5.599944721486445,6.55880592911253,-16.195132757476667,0.0,,,,,,,,,,,,,,,,,,,,,,,,,,,False
regression,observed_duration_days,7-14,False,6771,5.284749927669932,6.213409275083931,-9.262225133576685,0.0,,,,,,,,,,,,,,,,,,,,,,,,,,,False
regression,observed_duration_days,14-30,False,1902,4.798231825318501,6.182802935066366,-1.5211464114245046,0.0,,,,,,,,,,,,,,,,,,,,,,,,,,,False
regression,observed_duration_days,30+,False,153,23.412096458356636,26.82956657278127,-3.799138391363111,0.0,,,,,,,,,,,,,,,,,,,,,,,,,,,False
regression,purchase_month,2018-05,False,680,4.336682768839423,6.272771465136799,0.19827958271594737,0.0,,,,,,,,,,,,,,,,,,,,,,,,,,,False
regression,purchase_month,2018-06,False,4968,5.4858174361620184,6.988412211135304,-0.1660259392008323,0.0,,,,,,,,,,,,,,,,,,,,,,,,,,,False
regression,purchase_month,2018-07,False,4899,6.037474115497072,7.319136576814176,-0.37431102793510607,0.0,,,,,,,,,,,,,,,,,,,,,,,,,,,False
regression,purchase_month,2018-08,False,5068,5.2741284859560125,6.351839835612761,-1.183437944695065,0.0,,,,,,,,,,,,,,,,,,,,,,,,,,,False
classification,customer_state,AC,True,10,,,,,,,,0.0,10.0,0.0,,,0.04663449775270208,0.15087684563771,0.0,0.17972203634535494,0.6,6.0,4.0,0.0,0.0,0.4,,0.6,True,False,4.0,4.0,0.4,only one observed class,False
classification,customer_state,AL,True,56,,,,,,0.29573283858998145,0.5529411764705883,5.0,51.0,0.09375,0.6,0.16216216216216217,0.08517158347833917,0.15087684563771,0.08928571428571429,0.1597856579482674,0.44642857142857145,22.0,29.0,2.0,3.0,0.5686274509803921,0.4,0.43137254901960786,True,True,32.0,39.0,0.5714285714285714,,False
classification,customer_state,AM,True,19,,,,,,0.41596638655462187,0.6666666666666667,4.0,15.0,0.5,0.25,0.3333333333333333,0.1721803144995028,0.15087684563771,0.21052631578947367,0.1335222635564312,0.7894736842105263,14.0,1.0,3.0,1.0,0.06666666666666667,0.75,0.9333333333333333,True,True,2.0,16.0,0.10526315789473684,,False
classification,customer_state,AP,True,10,,,,,,,,0.0,10.0,0.0,,,0.017466560076496745,0.15087684563771,0.0,0.12968132712110986,0.9,9.0,1.0,0.0,0.0,0.1,,0.9,True,False,1.0,1.0,0.1,only one observed class,False
classification,customer_state,BA,False,507,,,,,,0.1755281030927566,0.5119906548477977,66.0,441.0,0.1218274111675127,0.36363636363636365,0.18250950570342206,0.11446422961121458,0.15087684563771,0.1301775147928994,0.15393975149360606,0.5759368836291914,268.0,173.0,42.0,24.0,0.3922902494331066,0.6363636363636364,0.6077097505668935,True,True,197.0,383.0,0.388560157790927,,True
classification,customer_state,CE,False,175,,,,,,0.15544916794622873,0.46947133283693226,17.0,158.0,0.05714285714285714,0.23529411764705882,0.09195402298850575,0.09422153515556746,0.15087684563771,0.09714285714285714,0.16307870576926556,0.5485714285714286,92.0,66.0,13.0,4.0,0.4177215189873418,0.7647058823529411,0.5822784810126582,True,True,70.0,131.0,0.4,,False
classification,customer_state,DF,False,388,,,,,,0.20647683532325772,0.608243875584916,42.0,346.0,0.18421052631578946,0.16666666666666666,0.175,0.09402238592761254,0.15087684563771,0.10824742268041238,0.12830370545090908,0.8298969072164949,315.0,31.0,35.0,7.0,0.08959537572254335,0.8333333333333334,0.9104046242774566,True,True,38.0,206.0,0.0979381443298969,,True
classification,customer_state,ES,False,305,,,,,,0.32465603689527545,0.6521597568916866,34.0,271.0,0.29411764705882354,0.29411764705882354,0.29411764705882354,0.09092123879022035,0.15087684563771,0.11147540983606558,0.13804319770215903,0.8426229508196721,247.0,24.0,24.0,10.0,0.08856088560885608,0.7058823529411765,0.9114391143911439,True,True,34.0,144.0,0.11147540983606558,,True
classification,customer_state,GO,False,295,,,,,,0.19286274805324252,0.563076923076923,35.0,260.0,0.23076923076923078,0.17142857142857143,0.19672131147540983,0.10275705640101411,0.15087684563771,0.11864406779661017,0.13019574522450894,0.8338983050847457,240.0,20.0,29.0,6.0,0.07692307692307693,0.8285714285714286,0.9230769230769231,True,True,26.0,165.0,0.08813559322033898,,True
classification,customer_state,MA,False,105,,,,,,0.242324236945575,0.558235294117647,20.0,85.0,0.1951219512195122,0.4,0.26229508196721313,0.15853462896360285,0.15087684563771,0.19047619047619047,0.1479839518434063,0.5714285714285714,52.0,33.0,12.0,8.0,0.38823529411764707,0.6,0.611764705882353,True,True,41.0,93.0,0.3904761904761905,,True
classification,customer_state,MG,False,1714,,,,,,0.18728214896920775,0.597596331546849,168.0,1546.0,0.30097087378640774,0.18452380952380953,0.22878228782287824,0.08624972485555785,0.15087684563771,0.09801633605600933,0.10885144955715968,0.8780630105017503,1474.0,72.0,137.0,31.0,0.04657179818887452,0.8154761904761905,0.9534282018111255,True,True,103.0,757.0,0.060093348891481914,,True
classification,customer_state,MS,False,113,,,,,,0.32760764576554047,0.652958152958153,14.0,99.0,0.2857142857142857,0.42857142857142855,0.34285714285714286,0.10225922045607533,0.15087684563771,0.12389380530973451,0.14035634704443548,0.7964601769911505,84.0,15.0,8.0,6.0,0.15151515151515152,0.5714285714285714,0.8484848484848485,True,True,21.0,55.0,0.18584070796460178,,False
classification,customer_state,MT,False,125,,,,,,0.29375334628442035,0.6172566371681416,12.0,113.0,0.20833333333333334,0.4166666666666667,0.2777777777777778,0.08605627308851184,0.15087684563771,0.096,0.16307822809928313,0.792,94.0,19.0,7.0,5.0,0.168141592920354,0.5833333333333334,0.831858407079646,True,True,24.0,54.0,0.192,,False
classification,customer_state,PA,False,139,,,,,,0.30613324295051003,0.6496124031007753,10.0,129.0,0.09090909090909091,0.7,0.16091954022988506,0.06939863257891937,0.15087684563771,0.07194244604316546,0.17196745505376093,0.4748201438848921,59.0,70.0,3.0,7.0,0.5426356589147286,0.3,0.4573643410852713,True,True,77.0,85.0,0.5539568345323741,,False
classification,customer_state,PB,True,97,,,,,,0.37406446222124556,0.6153184165232358,14.0,83.0,0.21212121212121213,0.5,0.2978723404255319,0.11252399297110326,0.15087684563771,0.14432989690721648,0.15644765803410693,0.6597938144329897,57.0,26.0,7.0,7.0,0.3132530120481928,0.5,0.6867469879518072,True,True,33.0,61.0,0.3402061855670103,,False
classification,customer_state,PE,False,256,,,,,,0.15210619582358464,0.49604885057471265,24.0,232.0,0.08196721311475409,0.20833333333333334,0.11764705882352941,0.08676015689757786,0.15087684563771,0.09375,0.1442450701095943,0.70703125,176.0,56.0,19.0,5.0,0.2413793103448276,0.7916666666666666,0.7586206896551724,True,True,61.0,151.0,0.23828125,,True
classification,customer_state,PI,True,68,,,,,,0.24780853660980945,0.4755244755244755,13.0,55.0,0.1111111111111111,0.15384615384615385,0.12903225806451613,0.15286829038860675,0.15087684563771,0.19117647058823528,0.14409900167916034,0.6029411764705882,39.0,16.0,11.0,2.0,0.2909090909090909,0.8461538461538461,0.7090909090909091,True,True,18.0,71.0,0.2647058823529412,,False
classification,customer_state,PR,False,789,,,,,,0.19878641277096876,0.5713512928702803,78.0,711.0,0.2777777777777778,0.1282051282051282,0.17543859649122806,0.08516703612212287,0.15087684563771,0.09885931558935361,0.1073704586047651,0.8808618504435995,685.0,26.0,68.0,10.0,0.03656821378340366,0.8717948717948718,0.9634317862165963,True,True,36.0,366.0,0.045627376425855515,,True
classification,customer_state,RJ,False,1819,,,,,,0.22620571121440416,0.5817743922930436,237.0,1582.0,0.1376923076923077,0.7552742616033755,0.23292127521145087,0.11189345098050207,0.15087684563771,0.1302913688840022,0.1766355865034795,0.3518416712479384,461.0,1121.0,58.0,179.0,0.7085967130214917,0.24472573839662448,0.2914032869785082,True,True,1300.0,1411.0,0.7146783947223749,,True
classification,customer_state,RN,True,69,,,,,,0.09386606648296558,0.5625,5.0,64.0,0.07142857142857142,0.2,0.10526315789473684,0.07170321156389484,0.15087684563771,0.07246376811594203,0.13553427205879073,0.7536231884057971,51.0,13.0,4.0,1.0,0.203125,0.8,0.796875,True,True,14.0,33.0,0.2028985507246377,,False
classification,customer_state,RO,True,35,,,,,,0.3793290043290043,0.6048387096774194,4.0,31.0,0.15384615384615385,0.5,0.23529411764705882,0.08351096497727402,0.15087684563771,0.11428571428571428,0.1567955691678034,0.6285714285714286,20.0,11.0,2.0,2.0,0.3548387096774194,0.5,0.6451612903225806,True,True,13.0,21.0,0.37142857142857144,,False
classification,customer_state,RR,True,9,,,,,,0.3333333333333333,0.75,1.0,8.0,0.16666666666666666,1.0,0.2857142857142857,0.09906625767144164,0.15087684563771,0.1111111111111111,0.1891489243593218,0.4444444444444444,3.0,5.0,0.0,1.0,0.625,0.0,0.375,True,True,6.0,5.0,0.6666666666666666,,False
classification,customer_state,RS,False,774,,,,,,0.2829796896708666,0.6718168812589413,75.0,699.0,0.34523809523809523,0.38666666666666666,0.36477987421383645,0.08140251851596496,0.15087684563771,0.09689922480620156,0.12515281587486277,0.8695090439276486,644.0,55.0,46.0,29.0,0.07868383404864092,0.6133333333333333,0.9213161659513591,True,True,84.0,285.0,0.10852713178294573,,True
classification,customer_state,SC,False,501,,,,,,0.16994307191711938,0.6182261208576998,45.0,456.0,0.2,0.3111111111111111,0.24347826086956523,0.08223121893614146,0.15087684563771,0.08982035928143713,0.1322201421873831,0.8263473053892215,400.0,56.0,31.0,14.0,0.12280701754385964,0.6888888888888889,0.8771929824561403,True,True,70.0,211.0,0.13972055888223553,,True
classification,customer_state,SE,True,65,,,,,,0.31395618292170013,0.6031746031746033,9.0,56.0,0.1935483870967742,0.6666666666666666,0.3,0.11319209488457004,0.15087684563771,0.13846153846153847,0.16259017511185875,0.5692307692307692,31.0,25.0,3.0,6.0,0.44642857142857145,0.3333333333333333,0.5535714285714286,True,True,31.0,40.0,0.47692307692307695,,False
classification,customer_state,SP,False,7323,,,,,,0.1954100297289501,0.5796730605295353,804.0,6519.0,0.29916897506925205,0.13432835820895522,0.1854077253218884,0.09452962520353185,0.15087684563771,0.10979106923392053,0.10449445557235676,0.8704083026082207,6266.0,253.0,696.0,108.0,0.038809633379352663,0.8656716417910447,0.9611903666206474,True,True,361.0,3733.0,0.04929673631025536,,True
classification,customer_state,TO,True,41,,,,,,0.034482758620689655,0.30000000000000004,1.0,40.0,0.0,0.0,0.0,0.0632095229750034,0.15087684563771,0.024390243902439025,0.16669903141973128,0.8292682926829268,34.0,6.0,1.0,0.0,0.15,1.0,0.85,True,True,6.0,11.0,0.14634146341463414,,False
classification,basket_size,0,True,38,,,,,,0.7457387889868025,0.41666666666666663,30.0,8.0,0.7894736842105263,1.0,0.8823529411764706,0.1749467276889592,0.15087684563771,0.7894736842105263,0.7348281860126173,0.7894736842105263,0.0,8.0,0.0,30.0,1.0,0.0,0.0,True,True,38.0,8.0,1.0,,False
classification,basket_size,1,False,14276,,,,,,0.10201198664049049,0.5188719520053613,1344.0,12932.0,0.10344827586206896,0.13616071428571427,0.11757147446193382,0.08610994087111598,0.15087684563771,0.09414401793219389,0.10998391026082414,0.8075791538246008,11346.0,1586.0,1161.0,183.0,0.12264150943396226,0.8638392857142857,0.8773584905660378,True,True,1769.0,7391.0,0.12391426169795461,,True
classification,basket_size,2-3,False,1350,,,,,,0.3437726498681855,0.6324595836285192,319.0,1031.0,0.2908366533864542,0.6865203761755486,0.4085820895522388,0.17535154298332128,0.15087684563771,0.2362962962962963,0.210403414495393,0.5303703703703704,497.0,534.0,100.0,219.0,0.5179437439379243,0.31347962382445144,0.48205625606207564,True,True,753.0,1034.0,0.5577777777777778,,True
classification,basket_size,4+,False,143,,,,,,0.5069756080150423,0.6434802571166208,44.0,99.0,0.3076923076923077,1.0,0.47058823529411764,0.21604449731199296,0.15087684563771,0.3076923076923077,0.4321862513760827,0.3076923076923077,0.0,99.0,0.0,44.0,1.0,0.0,0.0,True,True,143.0,99.0,1.0,,True
classification,purchase_month,2018-05,False,683,,,,,,0.21091843430857615,0.6687147977470558,63.0,620.0,0.21428571428571427,0.3333333333333333,0.2608695652173913,0.0812114580269716,0.15087684563771,0.09224011713030747,0.11690158185400726,0.8257686676427526,543.0,77.0,42.0,21.0,0.12419354838709677,0.6666666666666666,0.8758064516129033,True,True,98.0,287.0,0.14348462664714495,,True
classification,purchase_month,2018-06,False,4999,,,,,,0.1936975152765025,0.5895554812834225,544.0,4455.0,0.16759776536312848,0.33088235294117646,0.22249690976514216,0.09491137306669326,0.15087684563771,0.10882176435287057,0.12998274676671137,0.7483496699339868,3561.0,894.0,364.0,180.0,0.20067340067340067,0.6691176470588235,0.7993265993265993,True,True,1074.0,2714.0,0.21484296859371874,,True
classification,purchase_month,2018-07,False,4976,,,,,,0.18948401911793164,0.5800257586050724,560.0,4416.0,0.16962025316455695,0.2392857142857143,0.1985185185185185,0.09763497553583148,0.15087684563771,0.11254019292604502,0.12185259430303044,0.782556270096463,3760.0,656.0,426.0,134.0,0.14855072463768115,0.7607142857142857,0.8514492753623188,True,True,790.0,2786.0,0.1587620578778135,,True
classification,purchase_month,2018-08,False,5149,,,,,,0.20785688028514046,0.5715309785711274,570.0,4579.0,0.1902834008097166,0.24736842105263157,0.2151029748283753,0.09473905993633953,0.15087684563771,0.11070110701107011,0.11806855248059993,0.8001553699747523,3979.0,600.0,429.0,141.0,0.1310329766324525,0.7526315789473684,0.8689670233675475,True,True,741.0,2745.0,0.14391143911439114,,True
