task,model,fold,fit_seconds,training_n,validation_n,training_groups,validation_groups,partition,n,mae,rmse,r2,negative_predictions,positives,negatives,prevalence,threshold,average_precision,roc_auc,brier,mean_probability,accuracy,precision_1,recall_1,f1_1,tn,fp,fn,tp,fpr,fnr,specificity,precision_defined,ranking_metrics_defined
regression,dummy,0,0.46281083300709724,61711,15428,59701,14925,training_resubstitution,61711,6.07609752253185,9.73393504552044,-0.05974828670813559,0.0,,,,,,,,,,,,,,,,,,,,,
regression,dummy,0,0.46281083300709724,61711,15428,59701,14925,validation,15428,6.1439928372475725,9.645859607302846,-0.061939230900989184,0.0,,,,,,,,,,,,,,,,,,,,,
regression,dummy,1,0.40478816599352285,61711,15428,59701,14925,training_resubstitution,61711,6.116613127454317,9.812978452625421,-0.05997383135826495,0.0,,,,,,,,,,,,,,,,,,,,,
regression,dummy,1,0.40478816599352285,61711,15428,59701,14925,validation,15428,5.981933795366049,9.319803554245711,-0.06114050572719831,0.0,,,,,,,,,,,,,,,,,,,,,
regression,dummy,2,0.39618595800129697,61711,15428,59701,14925,training_resubstitution,61711,6.077611551747784,9.613456585009299,-0.0609441121869283,0.0,,,,,,,,,,,,,,,,,,,,,
regression,dummy,2,0.39618595800129697,61711,15428,59701,14925,validation,15428,6.137932122271676,10.11889122062415,-0.0577211490361218,0.0,,,,,,,,,,,,,,,,,,,,,
regression,dummy,3,0.4178067079919856,61711,15428,59700,14926,training_resubstitution,61711,6.077630271585533,9.677567957026907,-0.0608402102962502,0.0,,,,,,,,,,,,,,,,,,,,,
regression,dummy,3,0.4178067079919856,61711,15428,59700,14926,validation,15428,6.137902121053353,9.88974016847595,-0.061897973517753835,0.0,,,,,,,,,,,,,,,,,,,,,
regression,dummy,4,0.4010168749955483,61712,15427,59701,14925,training_resubstitution,61712,6.100400082949531,9.749617131966799,-0.06090797464940789,0.0,,,,,,,,,,,,,,,,,,,,,
regression,dummy,4,0.4010168749955483,61712,15427,59701,14925,validation,15427,6.046783515898652,9.595515528738707,-0.060115848142588524,0.0,,,,,,,,,,,,,,,,,,,,,
regression,linear,0,1.221527833986329,61711,15428,59701,14925,training_resubstitution,61711,4.96388769517363,7.9584353726377435,0.29159564377606406,5.0,,,,,,,,,,,,,,,,,,,,,
regression,linear,0,1.221527833986329,61711,15428,59701,14925,validation,15428,5.042233631979349,7.8724839466740635,0.2926385963974528,1.0,,,,,,,,,,,,,,,,,,,,,
regression,linear,1,1.2039823750092182,61711,15428,59701,14925,training_resubstitution,61711,4.995259144213897,8.02873573525509,0.2904421977188347,5.0,,,,,,,,,,,,,,,,,,,,,
regression,linear,1,1.2039823750092182,61711,15428,59701,14925,validation,15428,4.929854776658293,7.575222595035934,0.2989480945402333,1.0,,,,,,,,,,,,,,,,,,,,,
regression,linear,2,1.1683539999939967,61711,15428,59701,14925,training_resubstitution,61711,4.95751135894451,7.834015680251976,0.2954655380546488,3.0,,,,,,,,,,,,,,,,,,,,,
regression,linear,2,1.1683539999939967,61711,15428,59701,14925,validation,15428,5.047772721500295,8.361763578970832,0.2777274630777691,2.0,,,,,,,,,,,,,,,,,,,,,
regression,linear,3,1.227345499995863,61711,15428,59700,14926,training_resubstitution,61711,4.963400647317201,7.890096673891571,0.2948489408841106,5.0,,,,,,,,,,,,,,,,,,,,,
regression,linear,3,1.227345499995863,61711,15428,59700,14926,validation,15428,5.041871730579794,8.142637982508282,0.2801478895622538,2.0,,,,,,,,,,,,,,,,,,,,,
regression,linear,4,1.2023232500068843,61712,15427,59701,14925,training_resubstitution,61712,4.993594047338115,7.960825125347018,0.2926754055373496,5.0,,,,,,,,,,,,,,,,,,,,,
regression,linear,4,1.2023232500068843,61712,15427,59701,14925,validation,15427,4.900925613416871,7.857215575504346,0.2891891643893666,2.0,,,,,,,,,,,,,,,,,,,,,
regression,tree,0,0.6080997500102967,61711,15428,59701,14925,training_resubstitution,61711,5.188176339708771,8.26118317128247,0.23667350192263736,0.0,,,,,,,,,,,,,,,,,,,,,
regression,tree,0,0.6080997500102967,61711,15428,59701,14925,validation,15428,5.25380687245227,8.16871970588936,0.23840202515019804,0.0,,,,,,,,,,,,,,,,,,,,,
regression,tree,1,0.597244500007946,61711,15428,59701,14925,training_resubstitution,61711,5.2343610743742435,8.348646623133943,0.2327699387374682,0.0,,,,,,,,,,,,,,,,,,,,,
regression,tree,1,0.597244500007946,61711,15428,59701,14925,validation,15428,5.167996878558131,7.902980746976017,0.23697068413744826,0.0,,,,,,,,,,,,,,,,,,,,,
regression,tree,2,0.5978024160140194,61711,15428,59701,14925,training_resubstitution,61711,5.176003953825423,8.130750401870914,0.2410823961139087,0.0,,,,,,,,,,,,,,,,,,,,,
regression,tree,2,0.5978024160140194,61711,15428,59701,14925,validation,15428,5.264558520293387,8.674663514972725,0.2226607280921452,0.0,,,,,,,,,,,,,,,,,,,,,
regression,tree,3,0.5933994579827413,61711,15428,59700,14926,training_resubstitution,61711,5.188172708744063,8.199004883408621,0.2385527828873405,0.0,,,,,,,,,,,,,,,,,,,,,
regression,tree,3,0.5933994579827413,61711,15428,59700,14926,validation,15428,5.2551559870105224,8.432805812729436,0.2279290211737215,0.0,,,,,,,,,,,,,,,,,,,,,
regression,tree,4,0.5922830000054091,61712,15427,59701,14925,training_resubstitution,61712,5.233598636701056,8.276079273103807,0.23554508848503952,0.0,,,,,,,,,,,,,,,,,,,,,
regression,tree,4,0.5922830000054091,61712,15427,59701,14925,validation,15427,5.155416122633788,8.146395523879548,0.23590442245204957,0.0,,,,,,,,,,,,,,,,,,,,,
classification,dummy,0,0.40993304198491387,63150,15788,61031,15248,training_resubstitution,63150,,,,,9301.0,53849.0,0.1472842438638163,0.5,0.1472842438638163,0.5,0.1255915953732802,0.14728424386381628,0.8527157561361837,0.0,0.0,0.0,53849.0,0.0,9301.0,0.0,0.0,1.0,1.0,False,True
classification,dummy,0,0.40993304198491387,63150,15788,61031,15248,validation,15788,,,,,2325.0,13463.0,0.14726374461616418,0.5,0.14726374461616418,0.5,0.12557713455800854,0.14728424386381628,0.8527362553838358,0.0,0.0,0.0,13463.0,0.0,2325.0,0.0,0.0,1.0,1.0,False,True
classification,dummy,1,0.411233250022633,63149,15789,61020,15259,training_resubstitution,63149,,,,,9300.0,53849.0,0.14727074062930529,0.5,0.14727074062930529,0.5,0.12558206958380122,0.14727074062930526,0.8527292593706947,0.0,0.0,0.0,53849.0,0.0,9300.0,0.0,0.0,1.0,1.0,False,True
classification,dummy,1,0.411233250022633,63149,15789,61020,15259,validation,15789,,,,,2326.0,13463.0,0.1473177528659193,0.5,0.1473177528659193,0.5,0.12561523476660566,0.14727074062930523,0.8526822471340807,0.0,0.0,0.0,13463.0,0.0,2326.0,0.0,0.0,1.0,1.0,False,True
classification,dummy,2,0.416174999991199,63151,15787,61021,15258,training_resubstitution,63151,,,,,9301.0,53850.0,0.14728191160868395,0.5,0.14728191160868395,0.5,0.12558995012157576,0.14728191160868395,0.852718088391316,0.0,0.0,0.0,53850.0,0.0,9301.0,0.0,0.0,1.0,1.0,False,True
classification,dummy,2,0.416174999991199,63151,15787,61021,15258,validation,15787,,,,,2325.0,13462.0,0.14727307278140242,0.5,0.14727307278140242,0.5,0.12558371489305103,0.14728191160868395,0.8527269272185976,0.0,0.0,0.0,13462.0,0.0,2325.0,0.0,0.0,1.0,1.0,False,True
classification,dummy,3,0.41191591598908417,63151,15787,61024,15255,training_resubstitution,63151,,,,,9301.0,53850.0,0.14728191160868395,0.5,0.14728191160868395,0.5,0.12558995012157576,0.14728191160868395,0.852718088391316,0.0,0.0,0.0,53850.0,0.0,9301.0,0.0,0.0,1.0,1.0,False,True
classification,dummy,3,0.41191591598908417,63151,15787,61024,15255,validation,15787,,,,,2325.0,13462.0,0.14727307278140242,0.5,0.14727307278140242,0.5,0.12558371489305103,0.14728191160868395,0.8527269272185976,0.0,0.0,0.0,13462.0,0.0,2325.0,0.0,0.0,1.0,1.0,False,True
classification,dummy,4,0.4217250410001725,63151,15787,61020,15259,training_resubstitution,63151,,,,,9301.0,53850.0,0.14728191160868395,0.5,0.14728191160868395,0.5,0.12558995012157576,0.14728191160868395,0.852718088391316,0.0,0.0,0.0,53850.0,0.0,9301.0,0.0,0.0,1.0,1.0,False,True
classification,dummy,4,0.4217250410001725,63151,15787,61020,15259,validation,15787,,,,,2325.0,13462.0,0.14727307278140242,0.5,0.14727307278140242,0.5,0.12558371489305103,0.14728191160868395,0.8527269272185976,0.0,0.0,0.0,13462.0,0.0,2325.0,0.0,0.0,1.0,1.0,False,True
classification,linear,0,1.060598541982472,63150,15788,61031,15248,training_resubstitution,63150,,,,,9301.0,53849.0,0.1472842438638163,0.5,0.30616108116109003,0.6616548315989399,0.11688458813269338,0.14729108142909764,0.8578463974663499,0.6853546910755148,0.06440167723900656,0.11773955773955774,53574.0,275.0,8702.0,599.0,0.005106872922431243,0.9355983227609934,0.9948931270775687,True,True
classification,linear,0,1.060598541982472,63150,15788,61031,15248,validation,15788,,,,,2325.0,13463.0,0.14726374461616418,0.5,0.2994220037672693,0.6637389771568273,0.11761328783589717,0.1477592842782611,0.8562199138586268,0.6222222222222222,0.060215053763440864,0.10980392156862745,13378.0,85.0,2185.0,140.0,0.00631360023768848,0.9397849462365592,0.9936863997623115,True,True
classification,linear,1,1.17399866701453,63149,15789,61020,15259,training_resubstitution,63149,,,,,9300.0,53849.0,0.14727074062930529,0.5,0.3064630606141008,0.6665898768699492,0.11684991549917058,0.14728128556062883,0.8570998748990483,0.6547085201793722,0.06279569892473118,0.11459968602825746,53541.0,308.0,8716.0,584.0,0.005719697673122992,0.9372043010752689,0.994280302326877,True,True
classification,linear,1,1.17399866701453,63149,15789,61020,15259,validation,15789,,,,,2326.0,13463.0,0.1473177528659193,0.5,0.29403189736932406,0.6441115419101261,0.11779761499235387,0.14823568991172267,0.8577490658053075,0.65625,0.07222699914015478,0.13013168086754454,13375.0,88.0,2158.0,168.0,0.006536433187253955,0.9277730008598453,0.9934635668127461,True,True
classification,linear,2,1.0372553330089431,63151,15787,61021,15258,training_resubstitution,63151,,,,,9301.0,53850.0,0.14728191160868395,0.5,0.30529598026613725,0.6643776734702801,0.11695295701674382,0.1472582276819316,0.8574052667416193,0.6697247706422018,0.06278894742500807,0.11481372259903666,53562.0,288.0,8717.0,584.0,0.005348189415041783,0.9372110525749919,0.9946518105849582,True,True
classification,linear,2,1.0372553330089431,63151,15787,61021,15258,validation,15787,,,,,2325.0,13462.0,0.14727307278140242,0.5,0.2998131039229663,0.6520810309545149,0.11743815612931414,0.1470155316302347,0.85779438778742,0.6834862385321101,0.06408602150537634,0.11718442784113252,13393.0,69.0,2176.0,149.0,0.005125538552963898,0.9359139784946237,0.9948744614470361,True,True
classification,linear,3,0.9939352080109529,63151,15787,61024,15255,training_resubstitution,63151,,,,,9301.0,53850.0,0.14728191160868395,0.5,0.3064340231792527,0.6628398649639514,0.11690868937463642,0.14737655580191866,0.8574844420515906,0.6700564971751413,0.06375658531340717,0.11643432161790693,53558.0,292.0,8708.0,593.0,0.00542246982358403,0.9362434146865929,0.9945775301764159,True,True
classification,linear,3,0.9939352080109529,63151,15787,61024,15255,validation,15787,,,,,2325.0,13462.0,0.14727307278140242,0.5,0.29563581880822387,0.6618186116875379,0.11757529445258769,0.14600631359693078,0.8569075821878761,0.6571428571428571,0.05935483870967742,0.10887573964497041,13390.0,72.0,2187.0,138.0,0.005348388055266677,0.9406451612903226,0.9946516119447333,True,True
classification,linear,4,1.0390026250097435,63151,15787,61020,15259,training_resubstitution,63151,,,,,9301.0,53850.0,0.14728191160868395,0.5,0.30560262786923165,0.665515203534888,0.11690565364863087,0.14732546780668132,0.8572152459976881,0.6617312072892938,0.06246640146220837,0.11415659691521761,53553.0,297.0,8720.0,581.0,0.0055153203342618385,0.9375335985377916,0.9944846796657382,True,True
classification,linear,4,1.0390026250097435,63151,15787,61020,15259,validation,15787,,,,,2325.0,13462.0,0.14727307278140242,0.5,0.29764989755698806,0.6495854679759674,0.11761571773750744,0.14766310020560827,0.8578577310445303,0.7055837563451777,0.05978494623655914,0.11022997620935765,13404.0,58.0,2186.0,139.0,0.004308423711187045,0.9402150537634408,0.995691576288813,True,True
classification,tree,0,0.5853945830021985,63150,15788,61031,15248,training_resubstitution,63150,,,,,9301.0,53849.0,0.1472842438638163,0.5,0.2665447436141079,0.6200903796760732,0.11816517736016956,0.1472842438638163,0.857624703087886,0.6894865525672371,0.060638641006343405,0.11147346575748592,53595.0,254.0,8737.0,564.0,0.0047168935356274025,0.9393613589936566,0.9952831064643726,True,True
classification,tree,0,0.5853945830021985,63150,15788,61031,15248,validation,15788,,,,,2325.0,13463.0,0.14726374461616418,0.5,0.26498081975356325,0.6332164219098301,0.11820160945739724,0.14870384842151152,0.8561565746136306,0.6261682242990654,0.057634408602150536,0.10555336746750689,13383.0,80.0,2191.0,134.0,0.005942211988412687,0.9423655913978495,0.9940577880115873,True,True
classification,tree,1,0.5881141250138171,63149,15789,61020,15259,training_resubstitution,63149,,,,,9300.0,53849.0,0.14727074062930529,0.5,0.26587606233994837,0.6268050144999248,0.11806139548956071,0.14727074062930529,0.8572582305341335,0.6441532258064516,0.06870967741935484,0.12417411581811115,53496.0,353.0,8661.0,639.0,0.00655536778770265,0.9312903225806451,0.9934446322122974,True,True
classification,tree,1,0.5881141250138171,63149,15789,61020,15259,validation,15789,,,,,2326.0,13463.0,0.1473177528659193,0.5,0.26071525287412467,0.6123893810679107,0.11853798376961235,0.1479182027406039,0.8573690544049655,0.635036496350365,0.07480653482373173,0.13384615384615384,13363.0,100.0,2152.0,174.0,0.007427764985515858,0.9251934651762683,0.9925722350144841,True,True
classification,tree,2,0.5862256660184357,63151,15787,61021,15258,training_resubstitution,63151,,,,,9301.0,53850.0,0.14728191160868395,0.5,0.26751321561702707,0.6236125886564647,0.11804820276271906,0.14728191160868395,0.857452771927602,0.7430894308943089,0.04913450166648747,0.09217426381605485,53692.0,158.0,8844.0,457.0,0.002934076137418756,0.9508654983335125,0.9970659238625812,True,True
classification,tree,2,0.5862256660184357,63151,15787,61021,15258,validation,15787,,,,,2325.0,13462.0,0.14727307278140242,0.5,0.2614501124320944,0.6205259727500587,0.11857429625703542,0.1469781906914192,0.856654209159435,0.7152777777777778,0.04430107526881721,0.08343458890238963,13421.0,41.0,2222.0,103.0,0.0030456098648046354,0.9556989247311828,0.9969543901351954,True,True
classification,tree,3,0.5855816250259522,63151,15787,61024,15255,training_resubstitution,63151,,,,,9301.0,53850.0,0.14728191160868395,0.5,0.26938019080435466,0.6230563630851287,0.11784568688729528,0.14728191160868392,0.8575477822995677,0.6445497630331753,0.07311041823459843,0.13132483584395518,53475.0,375.0,8621.0,680.0,0.006963788300835654,0.9268895817654016,0.9930362116991643,True,True
classification,tree,3,0.5855816250259522,63151,15787,61024,15255,validation,15787,,,,,2325.0,13462.0,0.14727307278140242,0.5,0.2538662578381278,0.6139558103015577,0.11907014083398318,0.14656520443913532,0.8555773737885602,0.5868725868725869,0.06537634408602151,0.11764705882352941,13355.0,107.0,2173.0,152.0,0.007948298915465755,0.9346236559139784,0.9920517010845342,True,True
classification,tree,4,0.5825389579986222,63151,15787,61020,15259,training_resubstitution,63151,,,,,9301.0,53850.0,0.14728191160868395,0.5,0.2672840036211566,0.6245377515042411,0.11803903546431352,0.14728191160868395,0.8574211018036135,0.6732788798133023,0.06203634017847543,0.11360504036227603,53570.0,280.0,8724.0,577.0,0.005199628597957289,0.9379636598215245,0.9948003714020427,True,True
classification,tree,4,0.5825389579986222,63151,15787,61020,15259,validation,15787,,,,,2325.0,13462.0,0.14727307278140242,0.5,0.26335062265045606,0.6171825912205283,0.11839140848525251,0.14691521931274404,0.857097611959207,0.6575342465753424,0.06193548387096774,0.11320754716981132,13387.0,75.0,2181.0,144.0,0.005571237557569455,0.9380645161290323,0.9944287624424305,True,True
