task,metric,candidate,reference,fold,candidate_minus_reference,improvement
regression,mae,linear,dummy,0,-1.1017592052682232,1.1017592052682232
regression,mae,linear,dummy,1,-1.0520790187077562,1.0520790187077562
regression,mae,linear,dummy,2,-1.0901594007713804,1.0901594007713804
regression,mae,linear,dummy,3,-1.0960303904735582,1.0960303904735582
regression,mae,linear,dummy,4,-1.1458579024817812,1.1458579024817812
regression,mae,tree,dummy,0,-0.8901859647953021,0.8901859647953021
regression,mae,tree,dummy,1,-0.8139369168079185,0.8139369168079185
regression,mae,tree,dummy,2,-0.8733736019782885,0.8733736019782885
regression,mae,tree,dummy,3,-0.8827461340428302,0.8827461340428302
regression,mae,tree,dummy,4,-0.891367393264864,0.891367393264864
regression,mae,tree,linear,0,0.21157324047292114,-0.21157324047292114
regression,mae,tree,linear,1,0.23814210189983775,-0.23814210189983775
regression,mae,tree,linear,2,0.2167857987930919,-0.2167857987930919
regression,mae,tree,linear,3,0.21328425643072801,-0.21328425643072801
regression,mae,tree,linear,4,0.2544905092169172,-0.2544905092169172
classification,average_precision,linear,dummy,0,0.15215825915110512,0.15215825915110512
classification,average_precision,linear,dummy,1,0.14671414450340475,0.14671414450340475
classification,average_precision,linear,dummy,2,0.15254003114156386,0.15254003114156386
classification,average_precision,linear,dummy,3,0.14836274602682145,0.14836274602682145
classification,average_precision,linear,dummy,4,0.15037682477558564,0.15037682477558564
classification,average_precision,tree,dummy,0,0.11771707513739907,0.11771707513739907
classification,average_precision,tree,dummy,1,0.11339750000820537,0.11339750000820537
classification,average_precision,tree,dummy,2,0.11417703965069195,0.11417703965069195
classification,average_precision,tree,dummy,3,0.10659318505672535,0.10659318505672535
classification,average_precision,tree,dummy,4,0.11607754986905364,0.11607754986905364
classification,average_precision,tree,linear,0,-0.03444118401370605,-0.03444118401370605
classification,average_precision,tree,linear,1,-0.03331664449519939,-0.03331664449519939
classification,average_precision,tree,linear,2,-0.03836299149087191,-0.03836299149087191
classification,average_precision,tree,linear,3,-0.0417695609700961,-0.0417695609700961
classification,average_precision,tree,linear,4,-0.03429927490653201,-0.03429927490653201
