fold,fraction_training_groups,training_n,training_groups,training_positives,validation_n,validation_groups,validation_positives,train_order_ids_sha256,train_group_ids_sha256,validation_order_ids_sha256,partition,source,average_precision,roc_auc
0,0.25,15765,15258,2390,15788,15248,2325,13126de22b59718e0e9169e980b637cba0326a0fcd525b64a813854be9fcd45d,07b9a0da2da51200d315cf84ea2c28ec87e77f036716d62b3898abce53b64e3d,7bf1517e0d175f7813b817b4703bdc56a57778f3e3ee87b37c70d34be80e7d6f,training_resubstitution,fresh_subset_fit,0.5093546471535856,0.8474123020373049
0,0.25,15765,15258,2390,15788,15248,2325,13126de22b59718e0e9169e980b637cba0326a0fcd525b64a813854be9fcd45d,07b9a0da2da51200d315cf84ea2c28ec87e77f036716d62b3898abce53b64e3d,7bf1517e0d175f7813b817b4703bdc56a57778f3e3ee87b37c70d34be80e7d6f,validation,fresh_subset_fit,0.29781472640255585,0.6550886180283837
0,0.5,31565,30516,4739,15788,15248,2325,bae795fbf92dbc3a222ed1b1a50ecbe77c1985be67f0a9ab7e8aaa40e07348d5,79906e034761542be9bca5a5cd6d3496d04f01274706eae84ddc4883184837fb,7bf1517e0d175f7813b817b4703bdc56a57778f3e3ee87b37c70d34be80e7d6f,training_resubstitution,fresh_subset_fit,0.4825466360995674,0.810008146565881
0,0.5,31565,30516,4739,15788,15248,2325,bae795fbf92dbc3a222ed1b1a50ecbe77c1985be67f0a9ab7e8aaa40e07348d5,79906e034761542be9bca5a5cd6d3496d04f01274706eae84ddc4883184837fb,7bf1517e0d175f7813b817b4703bdc56a57778f3e3ee87b37c70d34be80e7d6f,validation,fresh_subset_fit,0.3073951016643339,0.6675043268727752
0,1.0,63150,61031,9301,15788,15248,2325,f850c225c3eefe44f2cae80e62481898eb86a6c628792235346e4f82b3d1174e,cad59f2919cc0bd933ea2bc5769bd39bc12e5433d2b278fdcc302bc88be13ca4,7bf1517e0d175f7813b817b4703bdc56a57778f3e3ee87b37c70d34be80e7d6f,training_resubstitution,verified_stage4_reuse,0.45208439878241513,0.7796568645807046
0,1.0,63150,61031,9301,15788,15248,2325,f850c225c3eefe44f2cae80e62481898eb86a6c628792235346e4f82b3d1174e,cad59f2919cc0bd933ea2bc5769bd39bc12e5433d2b278fdcc302bc88be13ca4,7bf1517e0d175f7813b817b4703bdc56a57778f3e3ee87b37c70d34be80e7d6f,validation,verified_stage4_reuse,0.314508349482984,0.6761432488405099
1,0.25,15771,15255,2362,15789,15259,2326,e1f41bac98073f8157c835015f252017a4a8bd8512f23e4ba03cd8bf8b8140f1,51e2d8967ebc83c9f88d05608c852e2402089a5ac4d3011b57ddd72cd8be1f0a,bf048855fbc51a57725ed2c63466dc3e5c8b78c3b5fccc8742aa33f35b257987,training_resubstitution,fresh_subset_fit,0.5025910558522565,0.8459615412424415
1,0.25,15771,15255,2362,15789,15259,2326,e1f41bac98073f8157c835015f252017a4a8bd8512f23e4ba03cd8bf8b8140f1,51e2d8967ebc83c9f88d05608c852e2402089a5ac4d3011b57ddd72cd8be1f0a,bf048855fbc51a57725ed2c63466dc3e5c8b78c3b5fccc8742aa33f35b257987,validation,fresh_subset_fit,0.29489468459946677,0.6347308112185949
1,0.5,31572,30510,4684,15789,15259,2326,64b576da61ff56a387bdadb092a4f5cb18c97151d89168acb15be7e31c30e450,4334e6ed13c521e2230d51a1bac4ac614346bc587013df75fb79a0388bf5e38e,bf048855fbc51a57725ed2c63466dc3e5c8b78c3b5fccc8742aa33f35b257987,training_resubstitution,fresh_subset_fit,0.47788428158054547,0.8142337074739102
1,0.5,31572,30510,4684,15789,15259,2326,64b576da61ff56a387bdadb092a4f5cb18c97151d89168acb15be7e31c30e450,4334e6ed13c521e2230d51a1bac4ac614346bc587013df75fb79a0388bf5e38e,bf048855fbc51a57725ed2c63466dc3e5c8b78c3b5fccc8742aa33f35b257987,validation,fresh_subset_fit,0.3010581943842191,0.6440325221145258
1,1.0,63149,61020,9300,15789,15259,2326,5246eefe303facebc53fa1e3ebba73966e9f480912c4d6cd4e4709f81457010c,090fd4927128803382f8e0c541175d2bb41f9ec00c7c9149f96dc62fe745355f,bf048855fbc51a57725ed2c63466dc3e5c8b78c3b5fccc8742aa33f35b257987,training_resubstitution,verified_stage4_reuse,0.4506601659876289,0.7803455990137296
1,1.0,63149,61020,9300,15789,15259,2326,5246eefe303facebc53fa1e3ebba73966e9f480912c4d6cd4e4709f81457010c,090fd4927128803382f8e0c541175d2bb41f9ec00c7c9149f96dc62fe745355f,bf048855fbc51a57725ed2c63466dc3e5c8b78c3b5fccc8742aa33f35b257987,validation,verified_stage4_reuse,0.30747535458201275,0.6510674394437568
2,0.25,15783,15256,2375,15787,15258,2325,8669c984baa95e32f172f18b064366e9815bafa788ceacd398f920040a62ea22,b17acaab825a42faf1774710bacfc0b4d6a6c8d80ca7c8b966cc678a93823205,d898e10bee530006303e86eacf962bee491434ed426b74694c67ad0e0d16948f,training_resubstitution,fresh_subset_fit,0.5041789787840191,0.8520728237658587
2,0.25,15783,15256,2375,15787,15258,2325,8669c984baa95e32f172f18b064366e9815bafa788ceacd398f920040a62ea22,b17acaab825a42faf1774710bacfc0b4d6a6c8d80ca7c8b966cc678a93823205,d898e10bee530006303e86eacf962bee491434ed426b74694c67ad0e0d16948f,validation,fresh_subset_fit,0.2979447442798008,0.6449679144641308
2,0.5,31561,30511,4701,15787,15258,2325,78e8e8225201bd2ee1d70e85e0b278fadaa5c9680a097577cc85521d3edf914b,f1db3073f2ab2a8eb755fb7a7b099b31919897897bafc25d5454f740925830e5,d898e10bee530006303e86eacf962bee491434ed426b74694c67ad0e0d16948f,training_resubstitution,fresh_subset_fit,0.4748276524068567,0.8117965664693575
2,0.5,31561,30511,4701,15787,15258,2325,78e8e8225201bd2ee1d70e85e0b278fadaa5c9680a097577cc85521d3edf914b,f1db3073f2ab2a8eb755fb7a7b099b31919897897bafc25d5454f740925830e5,d898e10bee530006303e86eacf962bee491434ed426b74694c67ad0e0d16948f,validation,fresh_subset_fit,0.30514891235432073,0.6551919141574133
2,1.0,63151,61021,9301,15787,15258,2325,6df69b1cd86be574a37bc159186f0960db89f1f70978c3aabf8862b4bc9d0fff,95059d1b61b226434fe4b2a6823983d608d2bbc3fa11bfcf4b9dd71b0960e8ed,d898e10bee530006303e86eacf962bee491434ed426b74694c67ad0e0d16948f,training_resubstitution,verified_stage4_reuse,0.4508702577407447,0.7835940395183194
2,1.0,63151,61021,9301,15787,15258,2325,6df69b1cd86be574a37bc159186f0960db89f1f70978c3aabf8862b4bc9d0fff,95059d1b61b226434fe4b2a6823983d608d2bbc3fa11bfcf4b9dd71b0960e8ed,d898e10bee530006303e86eacf962bee491434ed426b74694c67ad0e0d16948f,validation,verified_stage4_reuse,0.3106278814717328,0.6620736665372702
3,0.25,15750,15256,2365,15787,15255,2325,f3f7c8889bf9b7832e28bb1e304b939aeca6ebd0da370e89809b4ec627fa98be,9fc297cd22030d7b0c16ab1c6b2604d973e47231d6b8d02b51f28f009413c787,4800e2920dc15c7e60047f19b9e9c9504a82b7bd99033c53ec7d6ff71e9a2ec8,training_resubstitution,fresh_subset_fit,0.5036057741502954,0.8507005964993472
3,0.25,15750,15256,2365,15787,15255,2325,f3f7c8889bf9b7832e28bb1e304b939aeca6ebd0da370e89809b4ec627fa98be,9fc297cd22030d7b0c16ab1c6b2604d973e47231d6b8d02b51f28f009413c787,4800e2920dc15c7e60047f19b9e9c9504a82b7bd99033c53ec7d6ff71e9a2ec8,validation,fresh_subset_fit,0.2926566510546976,0.6527193070738343
3,0.5,31547,30512,4694,15787,15255,2325,da33a2a0dcabd5dd44b8f20cfc3f9f0da51cde49ac7a878197a36f61fa48e4c5,e4c800dd09ce5ffc24c3f3edf65e19fe70affaaeb47cba43b4b7353f72060c44,4800e2920dc15c7e60047f19b9e9c9504a82b7bd99033c53ec7d6ff71e9a2ec8,training_resubstitution,fresh_subset_fit,0.47300999094808965,0.8123277292928022
3,0.5,31547,30512,4694,15787,15255,2325,da33a2a0dcabd5dd44b8f20cfc3f9f0da51cde49ac7a878197a36f61fa48e4c5,e4c800dd09ce5ffc24c3f3edf65e19fe70affaaeb47cba43b4b7353f72060c44,4800e2920dc15c7e60047f19b9e9c9504a82b7bd99033c53ec7d6ff71e9a2ec8,validation,fresh_subset_fit,0.3052178609966791,0.6602328497738756
3,1.0,63151,61024,9301,15787,15255,2325,3c0ee121762bc2c1b6291f6f3d7a17016cb4268e7f1b4d8c354305f3c3b5ff6a,fb5e1f4d582937cac9e4dd82acbd4d207501d9ce5bf620d3702d49848d33c13c,4800e2920dc15c7e60047f19b9e9c9504a82b7bd99033c53ec7d6ff71e9a2ec8,training_resubstitution,verified_stage4_reuse,0.4495012016444744,0.7796310407612844
3,1.0,63151,61024,9301,15787,15255,2325,3c0ee121762bc2c1b6291f6f3d7a17016cb4268e7f1b4d8c354305f3c3b5ff6a,fb5e1f4d582937cac9e4dd82acbd4d207501d9ce5bf620d3702d49848d33c13c,4800e2920dc15c7e60047f19b9e9c9504a82b7bd99033c53ec7d6ff71e9a2ec8,validation,verified_stage4_reuse,0.31444707062877775,0.673640865646511
4,0.25,15771,15255,2348,15787,15259,2325,a25afd448f5ec7cb86004f3f63ed0a3d30fd2eceea4d052b8324fd697817e13d,8ff54a9d9b6575cb4e581f84016dceb8ad7a26a011bfef9715a04232c38168e0,ebe86c5934c0a8498abeb26bbc2375385da7384d28ade877287850fa42357208,training_resubstitution,fresh_subset_fit,0.5032974100871064,0.8451410220272076
4,0.25,15771,15255,2348,15787,15259,2325,a25afd448f5ec7cb86004f3f63ed0a3d30fd2eceea4d052b8324fd697817e13d,8ff54a9d9b6575cb4e581f84016dceb8ad7a26a011bfef9715a04232c38168e0,ebe86c5934c0a8498abeb26bbc2375385da7384d28ade877287850fa42357208,validation,fresh_subset_fit,0.2947029121369591,0.6443783137880741
4,0.5,31577,30510,4678,15787,15259,2325,ea675d83317bd4d58886809dcae0be070fd5fa91a2eac440745c9444e060fd8a,1ad277d753659ec776531e75620250a93eb6fcffcb58fa74b8ec55e61d828799,ebe86c5934c0a8498abeb26bbc2375385da7384d28ade877287850fa42357208,training_resubstitution,fresh_subset_fit,0.4793690424851464,0.8105615012508353
4,0.5,31577,30510,4678,15787,15259,2325,ea675d83317bd4d58886809dcae0be070fd5fa91a2eac440745c9444e060fd8a,1ad277d753659ec776531e75620250a93eb6fcffcb58fa74b8ec55e61d828799,ebe86c5934c0a8498abeb26bbc2375385da7384d28ade877287850fa42357208,validation,fresh_subset_fit,0.3053003311210303,0.6568367990824032
4,1.0,63151,61020,9301,15787,15259,2325,2219b2d7ee4b1ffd95dcd3a4a95276230da3a878a0c0b9ab1b676c786e1d0388,331ff98af6a9c9692c6aefd62c40af93e36caa461eaa701dde79e7435cc7e3b4,ebe86c5934c0a8498abeb26bbc2375385da7384d28ade877287850fa42357208,training_resubstitution,verified_stage4_reuse,0.4541325926513027,0.7871232713567905
4,1.0,63151,61020,9301,15787,15259,2325,2219b2d7ee4b1ffd95dcd3a4a95276230da3a878a0c0b9ab1b676c786e1d0388,331ff98af6a9c9692c6aefd62c40af93e36caa461eaa701dde79e7435cc7e3b4,ebe86c5934c0a8498abeb26bbc2375385da7384d28ade877287850fa42357208,validation,verified_stage4_reuse,0.3117886890924656,0.6601506430685817
