feature,n_items,has_items,n_products,n_sellers,n_categories,total_price,total_freight,freight_ratio,freight_ratio_missing,total_weight_g,total_volume_cm3,weight_missing_fraction,volume_missing_fraction,category_missing_fraction,distance_km_max,distance_missing_fraction,interstate_share,payment_installments_max,n_payment_methods,payment_missing,is_detractor
n_items,78938,78938,78938,78938,78938,78334,78334,78334,78938,78313,78318,78334,78334,78334,77427,78334,78334,78934,78938,78938,78938
has_items,78938,78938,78938,78938,78938,78334,78334,78334,78938,78313,78318,78334,78334,78334,77427,78334,78334,78934,78938,78938,78938
n_products,78938,78938,78938,78938,78938,78334,78334,78334,78938,78313,78318,78334,78334,78334,77427,78334,78334,78934,78938,78938,78938
n_sellers,78938,78938,78938,78938,78938,78334,78334,78334,78938,78313,78318,78334,78334,78334,77427,78334,78334,78934,78938,78938,78938
n_categories,78938,78938,78938,78938,78938,78334,78334,78334,78938,78313,78318,78334,78334,78334,77427,78334,78334,78934,78938,78938,78938
total_price,78334,78334,78334,78334,78334,78334,78334,78334,78334,78313,78318,78334,78334,78334,77427,78334,78334,78332,78334,78334,78334
total_freight,78334,78334,78334,78334,78334,78334,78334,78334,78334,78313,78318,78334,78334,78334,77427,78334,78334,78332,78334,78334,78334
freight_ratio,78334,78334,78334,78334,78334,78334,78334,78334,78334,78313,78318,78334,78334,78334,77427,78334,78334,78332,78334,78334,78334
freight_ratio_missing,78938,78938,78938,78938,78938,78334,78334,78334,78938,78313,78318,78334,78334,78334,77427,78334,78334,78934,78938,78938,78938
total_weight_g,78313,78313,78313,78313,78313,78313,78313,78313,78313,78313,78313,78313,78313,78313,77406,78313,78313,78311,78313,78313,78313
total_volume_cm3,78318,78318,78318,78318,78318,78318,78318,78318,78318,78313,78318,78318,78318,78318,77411,78318,78318,78316,78318,78318,78318
weight_missing_fraction,78334,78334,78334,78334,78334,78334,78334,78334,78334,78313,78318,78334,78334,78334,77427,78334,78334,78332,78334,78334,78334
volume_missing_fraction,78334,78334,78334,78334,78334,78334,78334,78334,78334,78313,78318,78334,78334,78334,77427,78334,78334,78332,78334,78334,78334
category_missing_fraction,78334,78334,78334,78334,78334,78334,78334,78334,78334,78313,78318,78334,78334,78334,77427,78334,78334,78332,78334,78334,78334
distance_km_max,77427,77427,77427,77427,77427,77427,77427,77427,77427,77406,77411,77427,77427,77427,77427,77427,77427,77425,77427,77427,77427
distance_missing_fraction,78334,78334,78334,78334,78334,78334,78334,78334,78334,78313,78318,78334,78334,78334,77427,78334,78334,78332,78334,78334,78334
interstate_share,78334,78334,78334,78334,78334,78334,78334,78334,78334,78313,78318,78334,78334,78334,77427,78334,78334,78332,78334,78334,78334
payment_installments_max,78934,78934,78934,78934,78934,78332,78332,78332,78934,78311,78316,78332,78332,78332,77425,78332,78332,78934,78934,78934,78934
n_payment_methods,78938,78938,78938,78938,78938,78334,78334,78334,78938,78313,78318,78334,78334,78334,77427,78334,78334,78934,78938,78938,78938
payment_missing,78938,78938,78938,78938,78938,78334,78334,78334,78938,78313,78318,78334,78334,78334,77427,78334,78334,78934,78938,78938,78938
is_detractor,78938,78938,78938,78938,78938,78334,78334,78334,78938,78313,78318,78334,78334,78334,77427,78334,78334,78934,78938,78938,78938
