category,n,feature,denominator
SP,33188,customer_state,78938
RJ,10119,customer_state,78938
MG,9242,customer_state,78938
RS,4363,customer_state,78938
PR,3967,customer_state,78938
SC,2884,customer_state,78938
BA,2635,customer_state,78938
DF,1728,customer_state,78938
GO,1645,customer_state,78938
ES,1622,customer_state,78938
PE,1292,customer_state,78938
CE,1067,customer_state,78938
PA,774,customer_state,78938
MT,723,customer_state,78938
MA,606,customer_state,78938
MS,570,customer_state,78938
PB,429,customer_state,78938
PI,396,customer_state,78938
RN,380,customer_state,78938
AL,336,customer_state,78938
SE,276,customer_state,78938
TO,219,customer_state,78938
RO,191,customer_state,78938
AM,115,customer_state,78938
AC,73,customer_state,78938
AP,57,customer_state,78938
RR,41,customer_state,78938
SP,55534,primary_seller_state,78938
MG,6235,primary_seller_state,78938
PR,6029,primary_seller_state,78938
RJ,3413,primary_seller_state,78938
SC,2886,primary_seller_state,78938
RS,1550,primary_seller_state,78938
DF,655,primary_seller_state,78938
Unknown,604,primary_seller_state,78938
BA,457,primary_seller_state,78938
GO,375,primary_seller_state,78938
PE,325,primary_seller_state,78938
MA,302,primary_seller_state,78938
ES,246,primary_seller_state,78938
MT,112,primary_seller_state,78938
CE,73,primary_seller_state,78938
RN,45,primary_seller_state,78938
MS,33,primary_seller_state,78938
PB,28,primary_seller_state,78938
RO,11,primary_seller_state,78938
PI,9,primary_seller_state,78938
SE,7,primary_seller_state,78938
PA,6,primary_seller_state,78938
AM,2,primary_seller_state,78938
AC,1,primary_seller_state,78938
bed_bath_table,7313,primary_category,78938
health_beauty,6977,primary_category,78938
sports_leisure,6126,primary_category,78938
computers_accessories,5312,primary_category,78938
furniture_decor,4969,primary_category,78938
housewares,4595,primary_category,78938
watches_gifts,4517,primary_category,78938
telephony,3299,primary_category,78938
toys,3085,primary_category,78938
auto,3072,primary_category,78938
cool_stuff,2818,primary_category,78938
garden_tools,2787,primary_category,78938
perfumery,2564,primary_category,78938
baby,2258,primary_category,78938
electronics,2043,primary_category,78938
stationery,1800,primary_category,78938
Unknown,1738,primary_category,78938
fashion_bags_accessories,1469,primary_category,78938
pet_shop,1366,primary_category,78938
office_furniture,1005,primary_category,78938
luggage_accessories,834,primary_category,78938
consoles_games,833,primary_category,78938
home_appliances,616,primary_category,78938
construction_tools_construction,580,primary_category,78938
small_appliances,514,primary_category,78938
musical_instruments,498,primary_category,78938
books_general_interest,401,primary_category,78938
home_construction,365,primary_category,78938
food,354,primary_category,78938
furniture_living_room,334,primary_category,78938
home_confort,300,primary_category,78938
audio,262,primary_category,78938
drinks,242,primary_category,78938
market_place,211,primary_category,78938
kitchen_dining_laundry_garden_furniture,200,primary_category,78938
books_technical,195,primary_category,78938
construction_tools_lights,189,primary_category,78938
fashion_shoes,187,primary_category,78938
industry_commerce_and_business,186,primary_category,78938
air_conditioning,186,primary_category,78938
home_appliances_2,186,primary_category,78938
food_drink,184,primary_category,78938
fixed_telephony,179,primary_category,78938
art,157,primary_category,78938
computers,150,primary_category,78938
costruction_tools_garden,149,primary_category,78938
agro_industry_and_commerce,142,primary_category,78938
construction_tools_safety,126,primary_category,78938
signaling_and_security,114,primary_category,78938
christmas_supplies,100,primary_category,78938
fashion_male_clothing,95,primary_category,78938
fashion_underwear_beach,95,primary_category,78938
costruction_tools_tools,73,primary_category,78938
furniture_bedroom,71,primary_category,78938
tablets_printing_image,63,primary_category,78938
small_appliances_home_oven_and_coffee,59,primary_category,78938
cine_photo,53,primary_category,78938
dvds_blu_ray,46,primary_category,78938
books_imported,44,primary_category,78938
fashio_female_clothing,31,primary_category,78938
music,31,primary_category,78938
furniture_mattress_and_upholstery,31,primary_category,78938
party_supplies,29,primary_category,78938
fashion_sport,23,primary_category,78938
diapers_and_hygiene,22,primary_category,78938
arts_and_craftmanship,21,primary_category,78938
flowers,20,primary_category,78938
home_comfort_2,18,primary_category,78938
cds_dvds_musicals,10,primary_category,78938
la_cuisine,7,primary_category,78938
fashion_childrens_clothes,7,primary_category,78938
security_and_services,2,primary_category,78938
credit_card,59521,primary_payment_type,78938
boleto,15682,primary_payment_type,78938
voucher,2500,primary_payment_type,78938
debit_card,1232,primary_payment_type,78938
Unknown,3,primary_payment_type,78938
8,8623,purchase_month,78938
5,8383,purchase_month,78938
7,8182,purchase_month,78938
3,7868,purchase_month,78938
6,7562,purchase_month,78938
4,7424,purchase_month,78938
2,6678,purchase_month,78938
1,6382,purchase_month,78938
11,5972,purchase_month,78938
12,4514,purchase_month,78938
10,3910,purchase_month,78938
9,3440,purchase_month,78938
0,12880,purchase_dayofweek,78938
1,12617,purchase_dayofweek,78938
2,12397,purchase_dayofweek,78938
3,11752,purchase_dayofweek,78938
4,11187,purchase_dayofweek,78938
6,9531,purchase_dayofweek,78938
5,8574,purchase_dayofweek,78938
11,5273,purchase_hour,78938
16,5258,purchase_hour,78938
14,5229,purchase_hour,78938
15,5185,purchase_hour,78938
13,5133,purchase_hour,78938
10,4914,purchase_hour,78938
20,4904,purchase_hour,78938
21,4892,purchase_hour,78938
17,4843,purchase_hour,78938
12,4760,purchase_hour,78938
19,4736,purchase_hour,78938
22,4616,purchase_hour,78938
18,4579,purchase_hour,78938
9,3802,purchase_hour,78938
23,3341,purchase_hour,78938
8,2358,purchase_hour,78938
0,1862,purchase_hour,78938
7,986,purchase_hour,78938
1,921,purchase_hour,78938
2,411,purchase_hour,78938
6,400,purchase_hour,78938
3,215,purchase_hour,78938
4,170,purchase_hour,78938
5,150,purchase_hour,78938
