purchase_year_month,n,positives,negative_rate
2016-09,4,4.0,1.0
2016-10,244,65.0,0.26639344262295084
2016-12,1,0.0,0.0
2017-01,633,99.0,0.15639810426540285
2017-02,1412,232.0,0.1643059490084986
2017-03,2098,290.0,0.13822688274547187
2017-04,1888,301.0,0.1594279661016949
2017-05,2924,386.0,0.1320109439124487
2017-06,2562,317.0,0.12373145979703357
2017-07,3206,391.0,0.12195882719900188
2017-08,3441,406.0,0.11798895669863411
2017-09,3423,426.0,0.12445223488168274
2017-10,3663,477.0,0.13022113022113022
2017-11,5972,1139.0,0.19072337575351642
2017-12,4513,745.0,0.16507866164413915
2018-01,5749,872.0,0.15167855279178988
2018-02,5266,1075.0,0.20413976452715535
2018-03,5770,1316.0,0.22807625649913346
2018-04,5536,721.0,0.1302384393063584
2018-05,5459,657.0,0.12035171276790621
2018-06,5000,545.0,0.109
2018-07,4976,560.0,0.11254019292604502
2018-08,5182,589.0,0.11366267850250869
2018-09,13,10.0,0.7692307692307693
2018-10,3,3.0,1.0
