eda_group,n,mean,median,p25,p75,feature,task,missing_feature_n,positives
AC,72,20.417101337448557,18.476597222222225,13.886001157407406,24.20785590277778,customer_state,regression,0,
AL,327,24.447473064616602,22.325844907407408,15.888287037037037,30.429224537037037,customer_state,regression,0,
AM,114,26.26443175357375,25.519496527777775,18.054644097222223,33.349644097222225,customer_state,regression,0,
AP,57,25.14880401234568,25.30666666666667,18.75353009259259,30.41640046296296,customer_state,regression,0,
BA,2560,19.439102882667825,16.995173611111113,12.43740451388889,23.439673032407406,customer_state,regression,0,
CE,1039,21.12297403575375,18.20449074074074,13.858113425925925,24.497824074074074,customer_state,regression,0,
DF,1687,12.947845342378537,11.344050925925924,8.04287037037037,16.156828703703702,customer_state,regression,0,
ES,1614,15.728855055876819,13.560046296296296,10.034068287037035,18.855570023148147,customer_state,regression,0,
GO,1600,15.32627374855324,13.873506944444443,10.195173611111112,18.237780671296296,customer_state,regression,0,
MA,585,21.386164411206078,19.081087962962965,14.76855324074074,25.01946759259259,customer_state,regression,0,
MG,9078,12.012209735277798,10.303576388888889,7.427028356481482,14.707453703703704,customer_state,regression,0,
MS,558,15.649744499203504,13.941412037037036,10.385584490740738,18.547607060185186,customer_state,regression,0,
MT,714,17.978933855949787,15.96992476851852,12.730552662037038,21.098628472222224,customer_state,regression,0,
PA,760,23.619926154361597,21.121203703703706,15.423735532407408,28.976828703703703,customer_state,regression,0,
PB,419,20.96153501502696,18.72633101851852,12.921475694444444,25.43296875,customer_state,regression,0,
PE,1254,18.357185626366,15.622256944444445,11.252497106481481,22.075682870370372,customer_state,regression,0,
PI,383,19.659520839377237,16.26158564814815,12.462725694444444,22.662974537037037,customer_state,regression,0,
PR,3894,11.941581171888375,10.396128472222223,7.524114583333334,14.480610532407407,customer_state,regression,0,
RJ,9847,15.191460095244274,12.002118055555556,8.111984953703704,18.272199074074074,customer_state,regression,0,
RN,374,18.685209385521887,15.533564814814817,12.072100694444446,22.742939814814815,customer_state,regression,0,
RO,184,19.123458572363123,17.359421296296297,13.609545717592594,22.288116319444445,customer_state,regression,0,
RR,36,27.558251028806584,23.92495949074074,11.730017361111111,30.24262731481482,customer_state,regression,0,
RS,4283,15.215739292292525,13.16798611111111,9.463420138888889,18.524050925925927,customer_state,regression,0,
SC,2835,15.001524932229408,13.053287037037038,8.957482638888889,18.740266203703705,customer_state,regression,0,
SE,267,21.446441297336662,17.627395833333335,13.126903935185187,24.31980324074074,customer_state,regression,0,
SP,32383,8.772848624707065,7.217881944444445,4.839988425925926,10.953871527777778,customer_state,regression,0,
TO,215,17.932629521963825,15.917037037037035,12.531383101851853,21.645300925925927,customer_state,regression,0,
"(-0.001, 188.46]",19063,7.072701345659907,5.587372685185185,3.5018344907407406,8.457934027777778,distance_km_max,regression,888,
"(188.46, 436.529]",19063,11.925852566587203,9.87730324074074,7.069155092592593,14.068478009259259,distance_km_max,regression,888,
"(436.529, 800.245]",19062,13.632769487942854,11.382309027777778,8.102549189814814,16.367578125,distance_km_max,regression,888,
"(800.245, 3387.259]",19063,17.478917908771304,14.949930555555556,10.738703703703704,21.190324074074077,distance_km_max,regression,888,
Unknown,888,12.937266980522189,10.854652777777778,7.301793981481481,16.07516782407407,distance_km_max,regression,888,
0.0,27574,7.9535280501089325,6.567309027777778,4.176513310185185,9.885975115740742,interstate_share,regression,0,
0.25,1,2.988935185185185,2.988935185185185,2.988935185185185,2.988935185185185,interstate_share,regression,0,
0.3333333333333333,3,5.589247685185185,5.867916666666667,4.835335648148148,6.482494212962964,interstate_share,regression,0,
0.5,190,7.013560977095517,6.035387731481482,4.449699074074074,8.807311921296296,interstate_share,regression,0,
0.6666666666666666,3,6.308499228395061,6.056956018518519,5.42400462962963,7.067222222222222,interstate_share,regression,0,
1.0,49368,15.111901417247338,12.787627314814815,8.905865162037037,18.32935474537037,interstate_share,regression,0,
1,69365,12.614588127651366,10.255520833333334,6.81525462962963,15.810625,n_items,regression,0,
2–3,7005,11.766714195548154,9.8690625,6.281342592592592,14.854872685185184,n_items,regression,0,
4+,769,12.07991153132977,10.113472222222224,6.867916666666667,15.183275462962962,n_items,regression,0,
1.0,76095,12.57808800372585,10.243472222222222,6.805370370370371,15.755138888888888,n_sellers,regression,0,
2.0,995,9.21884536106458,7.978865740740741,5.259415509259259,11.571122685185186,n_sellers,regression,0,
3.0,44,8.366825810185185,7.045115740740741,5.147693865740741,9.561574074074075,n_sellers,regression,0,
4.0,3,9.743233024691358,12.01917824074074,7.504056712962962,13.120381944444443,n_sellers,regression,0,
5.0,2,13.231284722222222,13.231284722222222,9.743333333333332,16.719236111111112,n_sellers,regression,0,
"(1.999, 300.0]",20125,11.747312889348976,9.569328703703704,6.0833912037037035,14.894016203703703,total_weight_g,regression,21,
"(2050.0, 184400.0]",19175,13.592502783813801,11.113344907407408,7.235202546296296,16.964565972222225,total_weight_g,regression,21,
"(300.0, 750.0]",18953,12.29686414590869,10.020138888888887,6.468356481481481,15.357430555555556,total_weight_g,regression,21,
"(750.0, 2050.0]",18865,12.529560041007747,10.320763888888887,6.973564814814814,15.396747685185185,total_weight_g,regression,21,
Unknown,21,11.555298721340387,9.308657407407408,8.024930555555555,11.08767361111111,total_weight_g,regression,21,
"(19800.0, 1076544.0]",19224,13.336640523251221,11.00415509259259,7.15201099537037,16.792201967592593,total_volume_cm3,regression,16,
"(287.999, 2964.0]",19353,12.120264607506542,9.92099537037037,6.257361111111111,15.21400462962963,total_volume_cm3,regression,16,
"(2964.0, 7200.0]",19232,12.220561494851367,10.010028935185186,6.500784143518518,15.245862268518518,total_volume_cm3,regression,16,
"(7200.0, 19800.0]",19314,12.455134759999462,10.19828125,6.836467013888889,15.281446759259257,total_volume_cm3,regression,16,
Unknown,16,12.17628689236111,9.631371527777777,7.97402199074074,11.586984953703702,total_volume_cm3,regression,16,
"(0.849, 45.9]",19331,11.488949949299435,9.291180555555556,5.975173611111112,14.402465277777777,total_price,regression,0,
"(149.9, 13440.0]",19203,13.631658456385093,11.169363425925926,7.230873842592592,17.015787037037036,total_price,regression,0,
"(45.9, 86.9]",19323,12.281910820749978,10.022465277777778,6.563425925925926,15.334687500000001,total_price,regression,0,
"(86.9, 149.9]",19282,12.734218379043783,10.478373842592593,7.058625578703704,15.881545138888889,total_price,regression,0,
"(-0.001, 13.87]",19286,7.771928101150902,6.317818287037037,4.0357060185185185,9.779722222222222,total_freight,regression,0,
"(13.87, 17.19]",19307,12.928045348885167,10.90318287037037,7.411747685185185,15.734421296296297,total_freight,regression,0,
"(17.19, 24.055]",19261,13.993617629151787,11.793587962962963,8.023287037037036,17.13396990740741,total_freight,regression,0,
"(24.055, 711.33]",19285,15.4370725598719,13.01230324074074,8.698819444444444,19.225231481481483,total_freight,regression,0,
"(-0.001, 0.132]",19285,11.595305087431221,9.233078703703704,6.003298611111111,14.322083333333332,freight_ratio,regression,0,
"(0.132, 0.224]",19360,12.00877772516835,9.899675925925925,6.37337962962963,14.936533564814814,freight_ratio,regression,0,
"(0.224, 0.38]",19209,12.867926431933912,10.626643518518518,6.99494212962963,16.073506944444443,freight_ratio,regression,0,
"(0.38, 21.447]",19285,13.660399075994583,11.325162037037035,7.473981481481482,17.106782407407408,freight_ratio,regression,0,
Unknown,1098,12.74416018392026,10.619837962962963,6.811223958333334,16.07464699074074,primary_category,regression,0,
agro_industry_and_commerce,137,11.653766305082454,9.33304398148148,6.159861111111111,15.469143518518518,primary_category,regression,0,
air_conditioning,185,12.563718218218218,9.320335648148149,6.770266203703704,15.336168981481482,primary_category,regression,0,
art,153,11.243994265916243,9.372291666666667,6.28349537037037,15.404814814814817,primary_category,regression,0,
arts_and_craftmanship,21,5.959183201058201,5.336099537037037,3.8117592592592593,7.542361111111111,primary_category,regression,0,
audio,263,13.509872685185185,11.027372685185185,7.029253472222223,16.2602025462963,primary_category,regression,0,
auto,3018,12.27374844298407,9.788512731481482,6.24488136574074,15.037523148148148,primary_category,regression,0,
baby,2215,12.798353132054176,10.10548611111111,6.345434027777777,15.967534722222222,primary_category,regression,0,
bed_bath_table,7272,12.947394867235566,10.69976851851852,7.186455439814814,16.07486111111111,primary_category,regression,0,
books_general_interest,393,11.64328762604844,9.834930555555555,6.677974537037037,14.2803125,primary_category,regression,0,
books_imported,41,8.547612353206866,6.3311574074074075,3.727013888888889,11.861689814814817,primary_category,regression,0,
books_technical,194,10.794305973176785,8.897592592592591,5.163179976851852,14.129131944444445,primary_category,regression,0,
cds_dvds_musicals,10,11.708626157407407,10.740729166666666,9.400833333333335,12.293234953703706,primary_category,regression,0,
christmas_supplies,100,16.32213136574074,13.078032407407406,8.194406828703704,20.727523148148148,primary_category,regression,0,
cine_photo,51,10.126364379084967,8.156886574074074,4.015121527777778,14.088697916666668,primary_category,regression,0,
computers,148,13.592016000375375,11.202430555555555,8.337485532407406,15.478168402777778,primary_category,regression,0,
computers_accessories,5225,13.155933424153819,11.114270833333334,7.281527777777778,16.3375,primary_category,regression,0,
consoles_games,800,13.509180497685186,11.105081018518518,7.258061342592592,17.03437210648148,primary_category,regression,0,
construction_tools_construction,575,11.10112850241546,8.869849537037037,5.53222800925926,13.537471064814813,primary_category,regression,0,
construction_tools_lights,190,9.81735282651072,8.152662037037036,5.513373842592593,11.943368055555556,primary_category,regression,0,
construction_tools_safety,121,11.562976258800123,9.275416666666668,6.806759259259259,15.21539351851852,primary_category,regression,0,
cool_stuff,2783,12.461461269480045,10.472858796296295,6.885451388888889,15.038634259259258,primary_category,regression,0,
costruction_tools_garden,145,12.271187021072798,10.87380787037037,7.160347222222223,15.261898148148148,primary_category,regression,0,
costruction_tools_tools,76,12.099061433966861,10.834016203703703,7.809444444444445,14.450986689814815,primary_category,regression,0,
diapers_and_hygiene,20,10.770048032407407,9.141736111111111,6.754898726851851,13.718767361111112,primary_category,regression,0,
drinks,233,10.28617196192974,7.595856481481482,4.846539351851852,12.43449074074074,primary_category,regression,0,
dvds_blu_ray,44,12.956532249579125,11.371938657407409,8.422311921296297,14.918061342592594,primary_category,regression,0,
electronics,2031,12.98109879050641,11.050613425925926,7.078524305555556,16.519450231481482,primary_category,regression,0,
fashio_female_clothing,30,12.671488811728397,11.17189236111111,8.04060474537037,15.361449652777779,primary_category,regression,0,
fashion_bags_accessories,1441,11.22268406070887,8.99875,5.789745370370371,13.738414351851851,primary_category,regression,0,
fashion_childrens_clothes,6,9.216001157407407,6.390347222222222,3.1831278935185185,8.117340856481482,primary_category,regression,0,
fashion_male_clothing,90,13.306860853909466,11.394369212962964,7.857158564814815,15.052074652777778,primary_category,regression,0,
fashion_shoes,185,15.106155342842843,13.613032407407408,9.945497685185185,18.160486111111112,primary_category,regression,0,
fashion_sport,22,10.987826704545455,10.17467013888889,6.2559606481481485,15.425205439814814,primary_category,regression,0,
fashion_underwear_beach,91,14.16471192002442,11.16988425925926,7.670665509259259,18.42808449074074,primary_category,regression,0,
fixed_telephony,178,12.712624843945068,11.093576388888888,7.059079861111111,16.475257523148148,primary_category,regression,0,
flowers,20,11.691109375,9.124189814814816,7.069696180555555,13.054166666666667,primary_category,regression,0,
food,350,9.708756911375662,7.195318287037037,4.216958912037037,11.714557291666667,primary_category,regression,0,
food_drink,181,11.056504821465111,8.721284722222222,6.252199074074074,13.235208333333333,primary_category,regression,0,
furniture_bedroom,67,14.034526499447207,12.103958333333331,8.519855324074074,17.29271412037037,primary_category,regression,0,
furniture_decor,4898,13.11228610884261,10.926238425925925,7.161857638888889,16.248370949074072,primary_category,regression,0,
furniture_living_room,330,13.866405794051628,12.10679398148148,8.130911458333333,17.197578125,primary_category,regression,0,
furniture_mattress_and_upholstery,30,14.094740740740741,9.274409722222224,6.220439814814815,15.498038194444444,primary_category,regression,0,
garden_tools,2754,13.688298262291884,11.800092592592591,7.98111400462963,17.02419270833333,primary_category,regression,0,
health_beauty,6875,12.071222452861953,9.585138888888888,6.1423148148148154,15.014479166666666,primary_category,regression,0,
home_appliances,604,11.36016192206279,9.44130787037037,6.10736400462963,14.331238425925926,primary_category,regression,0,
home_appliances_2,183,14.02138231127302,10.7546875,7.1023958333333335,16.289305555555558,primary_category,regression,0,
home_comfort_2,19,13.279356725146199,10.119479166666666,7.692633101851852,15.000630787037036,primary_category,regression,0,
home_confort,296,12.950505466403905,11.229594907407407,7.500792824074075,15.964774305555554,primary_category,regression,0,
home_construction,362,13.659857114538571,11.308668981481482,7.253483796296296,16.610714699074073,primary_category,regression,0,
housewares,4507,11.059051578203453,8.867962962962963,5.930028935185185,13.966157407407408,primary_category,regression,0,
industry_commerce_and_business,185,11.14265822072072,8.440196759259258,5.614363425925926,13.946435185185186,primary_category,regression,0,
kitchen_dining_laundry_garden_furniture,194,11.959139521286751,9.510138888888887,5.526860532407407,15.283258101851853,primary_category,regression,0,
la_cuisine,8,8.543784722222222,8.679461805555555,7.471105324074074,9.274172453703702,primary_category,regression,0,
luggage_accessories,825,10.858794640852974,8.969270833333333,6.030775462962963,13.60226851851852,primary_category,regression,0,
market_place,207,12.845706801306138,10.93590277777778,7.5633333333333335,15.247378472222222,primary_category,regression,0,
music,31,11.330940860215053,10.189027777777778,7.2127083333333335,13.678229166666668,primary_category,regression,0,
musical_instruments,490,13.488781627928951,10.740121527777779,6.91967013888889,16.701820023148148,primary_category,regression,0,
office_furniture,995,20.47673677414852,18.774641203703705,13.093333333333334,24.784722222222225,primary_category,regression,0,
party_supplies,28,9.672454943783068,8.063530092592593,6.390517939814814,10.688174189814816,primary_category,regression,0,
perfumery,2511,11.842432509919318,9.370046296296296,6.018315972222222,14.780057870370372,primary_category,regression,0,
pet_shop,1357,11.423001804770873,9.410810185185186,6.245451388888889,14.322766203703704,primary_category,regression,0,
security_and_services,2,15.138153935185183,15.138153935185183,13.09785011574074,17.17845775462963,primary_category,regression,0,
signaling_and_security,114,10.803727968648474,8.232951388888889,5.316724537037037,13.356047453703704,primary_category,regression,0,
small_appliances,501,11.084457104309898,8.975729166666667,5.896574074074074,13.614942129629627,primary_category,regression,0,
small_appliances_home_oven_and_coffee,57,9.953084186159844,7.77082175925926,6.031018518518518,11.266064814814817,primary_category,regression,0,
sports_leisure,6016,12.215583857783566,10.113645833333333,6.672473958333334,15.100347222222222,primary_category,regression,0,
stationery,1777,12.703703951207821,10.242939814814816,6.817476851851852,15.863738425925924,primary_category,regression,0,
tablets_printing_image,65,13.235307514245013,11.872048611111111,8.236689814814815,15.042847222222225,primary_category,regression,0,
telephony,3236,12.912220179948953,10.775266203703701,6.981779513888888,16.30153935185185,primary_category,regression,0,
toys,3042,11.719675800368908,9.455590277777777,6.136469907407407,14.316918402777778,primary_category,regression,0,
watches_gifts,4437,12.761239273700115,10.281226851851851,6.9475694444444445,15.960127314814814,primary_category,regression,0,
Unknown,1,54.81319444444444,54.81319444444444,54.81319444444444,54.81319444444444,primary_payment_type,regression,0,
boleto,15317,13.493909854760748,11.364097222222222,7.683541666666667,16.557222222222222,primary_payment_type,regression,0,
credit_card,58236,12.324400854648264,10.012650462962963,6.407366898148148,15.358258101851852,primary_payment_type,regression,0,
debit_card,1202,10.686691894681703,8.31927662037037,5.5401446759259265,13.515546875,primary_payment_type,regression,0,
voucher,2383,12.344082296863586,10.157118055555555,6.783940972222222,15.183582175925926,primary_payment_type,regression,0,
1,6253,13.880060256262178,11.482581018518518,7.484768518518519,17.28796296296296,purchase_month,regression,0,
10,3770,12.257708038608902,10.33902199074074,7.252745949074074,15.072864583333333,purchase_month,regression,0,
11,5810,15.17210086775674,12.790520833333332,8.341458333333334,18.743648726851852,purchase_month,regression,0,
12,4439,15.334834252688708,13.07318287037037,8.081724537037037,19.979241898148146,purchase_month,regression,0,
2,6483,16.121933266706087,13.574525462962963,8.698715277777778,20.07642361111111,purchase_month,regression,0,
3,7658,15.326276007660836,12.212586805555556,7.503015046296296,19.694945023148147,purchase_month,regression,0,
4,7278,12.31053100477848,10.111562500000002,6.782060185185185,15.362390046296296,purchase_month,regression,0,
5,8210,11.39452770024135,9.435410879629629,6.234852430555556,14.94451099537037,purchase_month,regression,0,
6,7470,10.127411437416333,8.761626157407406,5.968955439814815,12.741059027777778,purchase_month,regression,0,
7,8011,10.036752905148939,8.313518518518519,5.842181712962963,12.511284722222221,purchase_month,regression,0,
8,8418,9.101389706966113,7.866163194444445,5.271652199074074,11.389646990740742,purchase_month,regression,0,
9,3339,11.918974957849434,10.41851851851852,7.243333333333333,14.520092592592594,purchase_month,regression,0,
AC,73,0.1506849315068493,0.0,0.0,0.0,customer_state,classification,0,11.0
AL,336,0.24107142857142858,0.0,0.0,0.0,customer_state,classification,0,81.0
AM,115,0.14782608695652175,0.0,0.0,0.0,customer_state,classification,0,17.0
AP,57,0.07017543859649122,0.0,0.0,0.0,customer_state,classification,0,4.0
BA,2635,0.1889943074003795,0.0,0.0,0.0,customer_state,classification,0,498.0
CE,1067,0.18837863167760074,0.0,0.0,0.0,customer_state,classification,0,201.0
DF,1728,0.15104166666666666,0.0,0.0,0.0,customer_state,classification,0,261.0
ES,1622,0.155980271270037,0.0,0.0,0.0,customer_state,classification,0,253.0
GO,1645,0.14832826747720365,0.0,0.0,0.0,customer_state,classification,0,244.0
MA,606,0.20957095709570958,0.0,0.0,0.0,customer_state,classification,0,127.0
MG,9242,0.13114044579095435,0.0,0.0,0.0,customer_state,classification,0,1212.0
MS,570,0.15263157894736842,0.0,0.0,0.0,customer_state,classification,0,87.0
MT,723,0.14522821576763487,0.0,0.0,0.0,customer_state,classification,0,105.0
PA,774,0.20155038759689922,0.0,0.0,0.0,customer_state,classification,0,156.0
PB,429,0.18181818181818182,0.0,0.0,0.0,customer_state,classification,0,78.0
PE,1292,0.16718266253869968,0.0,0.0,0.0,customer_state,classification,0,216.0
PI,396,0.18686868686868688,0.0,0.0,0.0,customer_state,classification,0,74.0
PR,3967,0.12276279304260146,0.0,0.0,0.0,customer_state,classification,0,487.0
RJ,10119,0.2069374444115031,0.0,0.0,0.0,customer_state,classification,0,2094.0
RN,380,0.13421052631578947,0.0,0.0,0.0,customer_state,classification,0,51.0
RO,191,0.16230366492146597,0.0,0.0,0.0,customer_state,classification,0,31.0
RR,41,0.21951219512195122,0.0,0.0,0.0,customer_state,classification,0,9.0
RS,4363,0.1317900527160211,0.0,0.0,0.0,customer_state,classification,0,575.0
SC,2884,0.14909847434119278,0.0,0.0,0.0,customer_state,classification,0,430.0
SE,276,0.2210144927536232,0.0,0.0,0.0,customer_state,classification,0,61.0
SP,33188,0.12757623237314691,0.0,0.0,0.0,customer_state,classification,0,4234.0
TO,219,0.1324200913242009,0.0,0.0,0.0,customer_state,classification,0,29.0
"(-0.001, 187.8]",19357,0.11592705481221263,0.0,0.0,0.0,distance_km_max,classification,1511,2244.0
"(187.8, 436.228]",19357,0.14682027173632278,0.0,0.0,0.0,distance_km_max,classification,1511,2842.0
"(436.228, 800.791]",19356,0.14693118412895226,0.0,0.0,0.0,distance_km_max,classification,1511,2844.0
"(800.791, 3579.262]",19357,0.1608203750581185,0.0,0.0,0.0,distance_km_max,classification,1511,3113.0
Unknown,1511,0.385837193911317,0.0,0.0,1.0,distance_km_max,classification,1511,583.0
0.0,28016,0.11896773272415763,0.0,0.0,0.0,interstate_share,classification,604,3333.0
0.25,1,1.0,1.0,1.0,1.0,interstate_share,classification,604,1.0
0.3333333333333333,3,0.6666666666666666,1.0,0.5,1.0,interstate_share,classification,604,2.0
0.5,188,0.425531914893617,0.0,0.0,1.0,interstate_share,classification,604,80.0
0.6666666666666666,3,0.3333333333333333,0.0,0.0,0.5,interstate_share,classification,604,1.0
1.0,50123,0.15444007740957244,0.0,0.0,0.0,interstate_share,classification,604,7741.0
Unknown,604,0.7748344370860927,1.0,1.0,1.0,interstate_share,classification,604,468.0
0,604,0.7748344370860927,1.0,1.0,1.0,n_items,classification,0,468.0
1,70522,0.1272652505601089,0.0,0.0,0.0,n_items,classification,0,8975.0
2–3,7040,0.27102272727272725,0.0,0.0,1.0,n_items,classification,0,1908.0
4+,772,0.35621761658031087,0.0,0.0,1.0,n_items,classification,0,275.0
0.0,604,0.7748344370860927,1.0,1.0,1.0,n_sellers,classification,0,468.0
1.0,77298,0.1379854588734508,0.0,0.0,0.0,n_sellers,classification,0,10666.0
2.0,987,0.46605876393110435,0.0,0.0,1.0,n_sellers,classification,0,460.0
3.0,44,0.6136363636363636,1.0,0.0,1.0,n_sellers,classification,0,27.0
4.0,3,1.0,1.0,1.0,1.0,n_sellers,classification,0,3.0
5.0,2,1.0,1.0,1.0,1.0,n_sellers,classification,0,2.0
"(1.999, 300.0]",20466,0.13114433694908628,0.0,0.0,0.0,total_weight_g,classification,625,2684.0
"(2050.0, 184400.0]",19449,0.16802920458635406,0.0,0.0,0.0,total_weight_g,classification,625,3268.0
"(300.0, 750.0]",19252,0.1324537710367754,0.0,0.0,0.0,total_weight_g,classification,625,2550.0
"(750.0, 2050.0]",19146,0.1385668024652669,0.0,0.0,0.0,total_weight_g,classification,625,2653.0
Unknown,625,0.7536,1.0,1.0,1.0,total_weight_g,classification,625,471.0
"(19800.0, 1076544.0]",19549,0.16778351833853394,0.0,0.0,0.0,total_volume_cm3,classification,620,3280.0
"(287.999, 2964.0]",19631,0.13386989964851512,0.0,0.0,0.0,total_volume_cm3,classification,620,2628.0
"(2964.0, 7200.0]",19547,0.12989205504681026,0.0,0.0,0.0,total_volume_cm3,classification,620,2539.0
"(7200.0, 19800.0]",19591,0.13822673676688274,0.0,0.0,0.0,total_volume_cm3,classification,620,2708.0
Unknown,620,0.7596774193548387,1.0,1.0,1.0,total_volume_cm3,classification,620,471.0
"(0.849, 45.9]",19624,0.12296167957602935,0.0,0.0,0.0,total_price,classification,604,2413.0
"(149.9, 13440.0]",19561,0.17279280200398753,0.0,0.0,0.0,total_price,classification,604,3380.0
"(45.9, 86.9]",19587,0.1348343288916118,0.0,0.0,0.0,total_price,classification,604,2641.0
"(86.9, 149.9]",19562,0.13924956548410183,0.0,0.0,0.0,total_price,classification,604,2724.0
Unknown,604,0.7748344370860927,1.0,1.0,1.0,total_price,classification,604,468.0
"(-0.001, 13.87]",19598,0.10526584345341361,0.0,0.0,0.0,total_freight,classification,604,2063.0
"(13.87, 17.18]",19576,0.1321516142214957,0.0,0.0,0.0,total_freight,classification,604,2587.0
"(17.18, 24.05]",19599,0.1354150721975611,0.0,0.0,0.0,total_freight,classification,604,2654.0
"(24.05, 711.33]",19561,0.19702469198916212,0.0,0.0,0.0,total_freight,classification,604,3854.0
Unknown,604,0.7748344370860927,1.0,1.0,1.0,total_freight,classification,604,468.0
"(-0.001, 0.132]",19601,0.14055405336462426,0.0,0.0,0.0,freight_ratio,classification,604,2755.0
"(0.132, 0.224]",19705,0.13610758690687644,0.0,0.0,0.0,freight_ratio,classification,604,2682.0
"(0.224, 0.379]",19444,0.1450318864431187,0.0,0.0,0.0,freight_ratio,classification,604,2820.0
"(0.379, 21.447]",19584,0.1481311274509804,0.0,0.0,0.0,freight_ratio,classification,604,2901.0
Unknown,604,0.7748344370860927,1.0,1.0,1.0,freight_ratio,classification,604,468.0
Unknown,1738,0.3987341772151899,0.0,0.0,1.0,primary_category,classification,0,693.0
agro_industry_and_commerce,142,0.1619718309859155,0.0,0.0,0.0,primary_category,classification,0,23.0
air_conditioning,186,0.1827956989247312,0.0,0.0,0.0,primary_category,classification,0,34.0
art,157,0.1592356687898089,0.0,0.0,0.0,primary_category,classification,0,25.0
arts_and_craftmanship,21,0.09523809523809523,0.0,0.0,0.0,primary_category,classification,0,2.0
audio,262,0.20610687022900764,0.0,0.0,0.0,primary_category,classification,0,54.0
auto,3072,0.14615885416666666,0.0,0.0,0.0,primary_category,classification,0,449.0
baby,2258,0.15101860053144375,0.0,0.0,0.0,primary_category,classification,0,341.0
bed_bath_table,7313,0.1650485436893204,0.0,0.0,0.0,primary_category,classification,0,1207.0
books_general_interest,401,0.08229426433915212,0.0,0.0,0.0,primary_category,classification,0,33.0
books_imported,44,0.13636363636363635,0.0,0.0,0.0,primary_category,classification,0,6.0
books_technical,195,0.1076923076923077,0.0,0.0,0.0,primary_category,classification,0,21.0
cds_dvds_musicals,10,0.0,0.0,0.0,0.0,primary_category,classification,0,0.0
christmas_supplies,100,0.14,0.0,0.0,0.0,primary_category,classification,0,14.0
cine_photo,53,0.1509433962264151,0.0,0.0,0.0,primary_category,classification,0,8.0
computers,150,0.14,0.0,0.0,0.0,primary_category,classification,0,21.0
computers_accessories,5312,0.1592620481927711,0.0,0.0,0.0,primary_category,classification,0,846.0
consoles_games,833,0.1452581032412965,0.0,0.0,0.0,primary_category,classification,0,121.0
construction_tools_construction,580,0.15344827586206897,0.0,0.0,0.0,primary_category,classification,0,89.0
construction_tools_lights,189,0.10052910052910052,0.0,0.0,0.0,primary_category,classification,0,19.0
construction_tools_safety,126,0.1984126984126984,0.0,0.0,0.0,primary_category,classification,0,25.0
cool_stuff,2818,0.12065294535131299,0.0,0.0,0.0,primary_category,classification,0,340.0
costruction_tools_garden,149,0.1342281879194631,0.0,0.0,0.0,primary_category,classification,0,20.0
costruction_tools_tools,73,0.0821917808219178,0.0,0.0,0.0,primary_category,classification,0,6.0
diapers_and_hygiene,22,0.22727272727272727,0.0,0.0,0.0,primary_category,classification,0,5.0
drinks,242,0.1322314049586777,0.0,0.0,0.0,primary_category,classification,0,32.0
dvds_blu_ray,46,0.21739130434782608,0.0,0.0,0.0,primary_category,classification,0,10.0
electronics,2043,0.13754282917278512,0.0,0.0,0.0,primary_category,classification,0,281.0
fashio_female_clothing,31,0.12903225806451613,0.0,0.0,0.0,primary_category,classification,0,4.0
fashion_bags_accessories,1469,0.11436351259360109,0.0,0.0,0.0,primary_category,classification,0,168.0
fashion_childrens_clothes,7,0.14285714285714285,0.0,0.0,0.0,primary_category,classification,0,1.0
fashion_male_clothing,95,0.2736842105263158,0.0,0.0,1.0,primary_category,classification,0,26.0
fashion_shoes,187,0.11764705882352941,0.0,0.0,0.0,primary_category,classification,0,22.0
fashion_sport,23,0.13043478260869565,0.0,0.0,0.0,primary_category,classification,0,3.0
fashion_underwear_beach,95,0.21052631578947367,0.0,0.0,0.0,primary_category,classification,0,20.0
fixed_telephony,179,0.19553072625698323,0.0,0.0,0.0,primary_category,classification,0,35.0
flowers,20,0.1,0.0,0.0,0.0,primary_category,classification,0,2.0
food,354,0.12146892655367232,0.0,0.0,0.0,primary_category,classification,0,43.0
food_drink,184,0.059782608695652176,0.0,0.0,0.0,primary_category,classification,0,11.0
furniture_bedroom,71,0.19718309859154928,0.0,0.0,0.0,primary_category,classification,0,14.0
furniture_decor,4969,0.16280941839404306,0.0,0.0,0.0,primary_category,classification,0,809.0
furniture_living_room,334,0.16167664670658682,0.0,0.0,0.0,primary_category,classification,0,54.0
furniture_mattress_and_upholstery,31,0.1935483870967742,0.0,0.0,0.0,primary_category,classification,0,6.0
garden_tools,2787,0.13132400430570507,0.0,0.0,0.0,primary_category,classification,0,366.0
health_beauty,6977,0.12612870861401748,0.0,0.0,0.0,primary_category,classification,0,880.0
home_appliances,616,0.12012987012987013,0.0,0.0,0.0,primary_category,classification,0,74.0
home_appliances_2,186,0.12365591397849462,0.0,0.0,0.0,primary_category,classification,0,23.0
home_comfort_2,18,0.16666666666666666,0.0,0.0,0.0,primary_category,classification,0,3.0
home_confort,300,0.18333333333333332,0.0,0.0,0.0,primary_category,classification,0,55.0
home_construction,365,0.1726027397260274,0.0,0.0,0.0,primary_category,classification,0,63.0
housewares,4595,0.13122959738846574,0.0,0.0,0.0,primary_category,classification,0,603.0
industry_commerce_and_business,186,0.10215053763440861,0.0,0.0,0.0,primary_category,classification,0,19.0
kitchen_dining_laundry_garden_furniture,200,0.135,0.0,0.0,0.0,primary_category,classification,0,27.0
la_cuisine,7,0.0,0.0,0.0,0.0,primary_category,classification,0,0.0
luggage_accessories,834,0.09112709832134293,0.0,0.0,0.0,primary_category,classification,0,76.0
market_place,211,0.13744075829383887,0.0,0.0,0.0,primary_category,classification,0,29.0
music,31,0.03225806451612903,0.0,0.0,0.0,primary_category,classification,0,1.0
musical_instruments,498,0.13052208835341367,0.0,0.0,0.0,primary_category,classification,0,65.0
office_furniture,1005,0.2417910447761194,0.0,0.0,0.0,primary_category,classification,0,243.0
party_supplies,29,0.20689655172413793,0.0,0.0,0.0,primary_category,classification,0,6.0
perfumery,2564,0.12987519500780031,0.0,0.0,0.0,primary_category,classification,0,333.0
pet_shop,1366,0.11346998535871157,0.0,0.0,0.0,primary_category,classification,0,155.0
security_and_services,2,0.5,0.5,0.25,0.75,primary_category,classification,0,1.0
signaling_and_security,114,0.11403508771929824,0.0,0.0,0.0,primary_category,classification,0,13.0
small_appliances,514,0.13813229571984437,0.0,0.0,0.0,primary_category,classification,0,71.0
small_appliances_home_oven_and_coffee,59,0.1016949152542373,0.0,0.0,0.0,primary_category,classification,0,6.0
sports_leisure,6126,0.1278158667972576,0.0,0.0,0.0,primary_category,classification,0,783.0
stationery,1800,0.10777777777777778,0.0,0.0,0.0,primary_category,classification,0,194.0
tablets_printing_image,63,0.14285714285714285,0.0,0.0,0.0,primary_category,classification,0,9.0
telephony,3299,0.15641103364655956,0.0,0.0,0.0,primary_category,classification,0,516.0
toys,3085,0.12414910858995137,0.0,0.0,0.0,primary_category,classification,0,383.0
watches_gifts,4517,0.15187071064866062,0.0,0.0,0.0,primary_category,classification,0,686.0
Unknown,3,0.6666666666666666,1.0,0.5,1.0,primary_payment_type,classification,0,2.0
boleto,15682,0.1442418058921056,0.0,0.0,0.0,primary_payment_type,classification,0,2262.0
credit_card,59521,0.1478973807563717,0.0,0.0,0.0,primary_payment_type,classification,0,8803.0
debit_card,1232,0.12175324675324675,0.0,0.0,0.0,primary_payment_type,classification,0,150.0
voucher,2500,0.1636,0.0,0.0,0.0,primary_payment_type,classification,0,409.0
1,6382,0.1521466624882482,0.0,0.0,0.0,purchase_month,classification,0,971.0
10,3910,0.13938618925831203,0.0,0.0,0.0,purchase_month,classification,0,545.0
11,5972,0.19072337575351642,0.0,0.0,0.0,purchase_month,classification,0,1139.0
12,4514,0.16504209127159947,0.0,0.0,0.0,purchase_month,classification,0,745.0
2,6678,0.195717280622941,0.0,0.0,0.0,purchase_month,classification,0,1307.0
3,7868,0.20411794611082867,0.0,0.0,0.0,purchase_month,classification,0,1606.0
4,7424,0.13766163793103448,0.0,0.0,0.0,purchase_month,classification,0,1022.0
5,8383,0.12441846594297984,0.0,0.0,0.0,purchase_month,classification,0,1043.0
6,7562,0.11399100766992859,0.0,0.0,0.0,purchase_month,classification,0,862.0
7,8182,0.11623075042776827,0.0,0.0,0.0,purchase_month,classification,0,951.0
8,8623,0.11538907572770497,0.0,0.0,0.0,purchase_month,classification,0,995.0
9,3440,0.12790697674418605,0.0,0.0,0.0,purchase_month,classification,0,440.0
