purchase_year_month,1,2,3,4,5
2016-09,4,0,0,0,0
2016-10,58,7,19,40,120
2016-12,0,0,0,0,1
2017-01,78,21,56,114,364
2017-02,180,52,128,268,784
2017-03,235,55,198,424,1186
2017-04,212,89,168,379,1040
2017-05,294,92,263,589,1686
2017-06,241,76,236,503,1506
2017-07,286,105,278,640,1897
2017-08,309,97,240,669,2126
2017-09,322,104,257,689,2051
2017-10,382,95,304,748,2134
2017-11,919,220,551,1160,3122
2017-12,577,168,353,908,2507
2018-01,677,195,544,1080,3253
2018-02,880,195,493,992,2706
2018-03,1103,213,536,1103,2815
2018-04,545,176,422,1107,3286
2018-05,515,142,430,1054,3318
2018-06,404,141,333,927,3195
2018-07,437,123,353,866,3197
2018-08,445,144,357,1004,3232
2018-09,8,2,1,1,1
2018-10,2,1,0,0,0
