feature,count,mean,std,min,25%,50%,75%,max,missing_n,missing_fraction,denominator,constant_nonmissing
n_items,77139.0,1.1440516470267958,0.5412931167117937,1.0,1.0,1.0,1.0,20.0,0,0.0,77139,False
has_items,77139.0,1.0,0.0,1.0,1.0,1.0,1.0,1.0,0,0.0,77139,True
n_products,77139.0,1.0385537795408288,0.22684281137025677,1.0,1.0,1.0,1.0,7.0,0,0.0,77139,False
n_sellers,77139.0,1.0142599722578722,0.12546752158301425,1.0,1.0,1.0,1.0,5.0,0,0.0,77139,False
n_categories,77139.0,0.9940367388739807,0.1491181133293759,0.0,1.0,1.0,1.0,3.0,0,0.0,77139,False
total_price,77139.0,137.89413189177978,212.9420574148558,0.85,45.9,86.9,149.9,13440.0,0,0.0,77139,False
total_freight,77139.0,22.825867848948,20.771859828690925,0.0,13.87,17.19,24.055,711.33,0,0.0,77139,False
freight_ratio,77139.0,0.3079033626458057,0.3136014869252578,0.0,0.13190591436758609,0.2243739565943238,0.37989515365727633,21.447058823529417,0,0.0,77139,False
freight_ratio_missing,77139.0,0.0,0.0,0.0,0.0,0.0,0.0,0.0,0,0.0,77139,True
total_weight_g,77118.0,2385.40172203636,4756.313038286793,2.0,300.0,750.0,2050.0,184400.0,21,0.00027223583401392293,77139,False
total_volume_cm3,77123.0,17338.581084760706,29852.431413691724,288.0,2964.0,7200.0,19800.0,1076544.0,16,0.00020741777829632222,77139,False
weight_missing_fraction,77139.0,0.00027223583401392293,0.01649743161552938,0.0,0.0,0.0,0.0,1.0,0,0.0,77139,False
volume_missing_fraction,77139.0,0.00020741777829632222,0.014400605699834973,0.0,0.0,0.0,0.0,1.0,0,0.0,77139,False
category_missing_fraction,77139.0,0.014262132859729404,0.11789059262140725,0.0,0.0,0.0,0.0,1.0,0,0.0,77139,False
distance_km_max,76251.0,602.5265102109602,592.6766236641607,0.0,188.46046900050834,436.5294135933764,800.2449541696607,3387.2594908401065,888,0.011511686695445883,77139,False
distance_missing_fraction,77139.0,0.011412299010012228,0.10599033273090168,0.0,0.0,0.0,0.0,1.0,0,0.0,77139,False
interstate_share,77139.0,0.641261229728153,0.4789705126332239,0.0,0.0,1.0,1.0,1.0,0,0.0,77139,False
payment_installments_max,77137.0,2.9278815613778084,2.7143767759780126,1.0,1.0,2.0,4.0,24.0,2,2.5927222287040277e-05,77139,False
n_payment_methods,77139.0,1.022958555335174,0.1498588616899023,0.0,1.0,1.0,1.0,2.0,0,0.0,77139,False
payment_missing,77139.0,1.2963611143520139e-05,0.003600501512778482,0.0,0.0,0.0,0.0,1.0,0,0.0,77139,False
