purchase_year_month,n,median,p25,p75,late_valid_n,late_rate
2016-09,1,54.81319444444444,54.81319444444444,54.81319444444444,1,1.0
2016-10,201,17.953958333333333,8.930960648148147,25.523900462962963,201,0.004975124378109453
2016-12,1,4.693020833333334,4.693020833333334,4.693020833333334,1,0.0
2017-01,602,10.646921296296297,7.7050578703703705,13.957332175925925,602,0.03322259136212625
2017-02,1315,11.136458333333334,7.7230034722222225,15.919936342592592,1315,0.033460076045627375
2017-03,2014,10.098969907407408,6.986281828703704,14.616180555555555,2014,0.05561072492552135
2017-04,1815,12.662766203703704,8.687476851851851,18.037528935185186,1815,0.07713498622589532
2017-05,2828,9.77724537037037,6.910758101851852,13.83677662037037,2828,0.03748231966053748
2017-06,2502,10.80345486111111,7.300899884259259,14.454696180555555,2502,0.03357314148681055
2017-07,3112,10.164832175925927,7.062239583333334,14.335118634259258,3112,0.035668380462724934
2017-08,3350,9.866400462962963,6.672141203703704,14.185462962962964,3350,0.03492537313432836
2017-09,3338,10.416631944444445,7.243136574074073,14.508272569444447,3338,0.04973037747153984
2017-10,3569,10.208993055555556,7.185752314814815,14.787673611111112,3569,0.05715886803026058
2017-11,5810,12.790520833333332,8.341458333333334,18.743648726851852,5810,0.14388984509466438
2017-12,4438,13.076846064814816,8.082624421296297,19.980054976851847,4438,0.08314556106354214
2018-01,5651,11.775960648148148,7.44828125,17.78302662037037,5651,0.06405945850291983
2018-02,5168,14.237899305555555,9.13336226851852,21.197896412037036,5168,0.15595975232198142
2018-03,5644,13.326348379629628,7.978648726851851,21.360714699074073,5644,0.21084337349397592
2018-04,5463,9.300543981481482,6.119461805555556,14.264618055555555,5463,0.054365733113673806
2018-05,5382,9.200364583333332,6.003585069444444,15.720384837962964,5382,0.0821256038647343
2018-06,4968,7.94744212962963,5.228122106481481,11.52480324074074,4968,0.013083735909822867
2018-07,4899,7.542361111111111,5.1819849537037035,10.943784722222222,4899,0.0453153704837722
2018-08,5068,7.012517361111112,4.950815972222222,9.819947916666667,5068,0.10398579321231255
