feature,n_items,has_items,n_products,n_sellers,n_categories,total_price,total_freight,freight_ratio,freight_ratio_missing,total_weight_g,total_volume_cm3,weight_missing_fraction,volume_missing_fraction,category_missing_fraction,distance_km_max,distance_missing_fraction,interstate_share,payment_installments_max,n_payment_methods,payment_missing,lead_days
n_items,1.0,,0.46481740569655716,0.2898644463935077,0.1380051251016563,0.1582444736420471,0.45262214366191394,0.05836966375028874,,0.22753323529015063,0.2839565733063815,0.0014153039554800023,-0.0005069567047072855,-0.002975658523361347,-0.012115221004047775,-0.00195383675888345,-0.012114473249939795,0.06985325400066725,-0.006251226141099894,0.012345310285037228,-0.019826553189981718
has_items,,,,,,,,,,,,,,,,,,,,,
n_products,0.46481740569655716,,1.0,0.6046993938247945,0.28503242735462225,0.05996507052971348,0.19489466838927522,0.007488363777352316,,0.07707509412460409,0.09639301438744169,-0.002804636114459247,-0.0024480077452385856,-0.004927875755190094,-0.002770434290675983,0.002278873058953429,-0.009250260529973055,0.07367935435945866,0.002181803272415939,-0.0006119424294818216,-0.031238274027842437
n_sellers,0.2898644463935077,,0.6046993938247945,1.0,0.38217506130088186,0.04340128376369461,0.14098855069994062,-0.0020310570683240077,,0.05570244570072381,0.07181511750470815,-0.0018755210584270247,-0.0016370359255222318,-0.0017426619437706512,0.00793167978267753,0.0010851329830525334,-0.0022946956283378082,0.06141283751500279,0.006719330061048455,-0.0004092191878727548,-0.04032500056984517
n_categories,0.1380051251016563,,0.28503242735462225,0.38217506130088186,1.0,0.02477519793213013,0.08287724760316655,0.00043529861667517407,,0.04412441882474972,0.056444497274888164,-0.0783854023513397,-0.08997884961782503,-0.7879630426157239,0.008570866683175055,0.004716034224976211,0.002053474863597308,0.04153538891348394,-0.001414953243985112,0.00014398659269335086,-0.019677690976882125
total_price,0.1582444736420471,,0.05996507052971348,0.04340128376369461,0.02477519793213013,1.0,0.4293204365010171,-0.2939916662638823,,0.35071933528044674,0.3151286413951403,0.001663273947465986,0.0012289248428731527,-0.005779321759490659,0.08329190058785609,-0.010514534395630779,0.06517040955783229,0.3126775127945089,-0.007125210813668579,-4.9442923182121804e-05,0.05377560308502635
total_freight,0.45262214366191394,,0.19489466838927522,0.14098855069994062,0.08287724760316655,0.4293204365010171,1.0,0.09793046942541557,,0.6402703876017387,0.6319382785227204,-0.0017807947097453084,-0.003899347671419899,-0.018852609757421368,0.33129996790715815,0.004513545485986867,0.26466399702602444,0.20961609669863762,-0.0017002914348539044,-0.002484947589927917,0.17743214538557633
freight_ratio,0.05836966375028874,,0.007488363777352316,-0.0020310570683240077,0.00043529861667517407,-0.2939916662638823,0.09793046942541557,1.0,,-0.0893685606920074,-0.07537919365479043,0.0031284563326772637,0.005426603210402376,-0.001175450138619867,0.1969270846915882,0.007459179368545994,0.1697045348063693,-0.18732343862588807,0.00885493712026276,-0.0028129206223747845,0.08331755253527103
freight_ratio_missing,,,,,,,,,,,,,,,,,,,,,
total_weight_g,0.22753323529015063,,0.07707509412460409,0.05570244570072381,0.04412441882474972,0.35071933528044674,0.6402703876017387,-0.0893685606920074,,1.0,0.8236453415809235,,,-0.014253466228688996,-0.006415601927477511,-0.009574315028242424,-0.0015102594005588312,0.19297021628259492,-0.005164714831775197,0.00046531672373142355,0.07549691125088147
total_volume_cm3,0.2839565733063815,,0.09639301438744169,0.07181511750470815,0.056444497274888164,0.3151286413951403,0.6319382785227204,-0.07537919365479043,,0.8236453415809235,1.0,0.0038197681189472456,,-0.017664502381014146,-0.011392604837021545,-0.01930015478883728,-0.012287350359970538,0.17500329084586488,-0.0011909649307635854,-0.0006092216275303487,0.06512447694161892
weight_missing_fraction,0.0014153039554800023,,-0.002804636114459247,-0.0018755210584270247,-0.0783854023513397,0.001663273947465986,-0.0017807947097453084,0.0031284563326772637,,,0.0038197681189472456,1.0,0.8728432656977676,0.09798691908695112,0.0025382007310606695,-0.0017768119641215629,0.004156519765307157,0.0036229625795625624,0.0027155255660975324,-5.941520243585962e-05,-0.0017084217670167087
volume_missing_fraction,-0.0005069567047072855,,-0.0024480077452385856,-0.0016370359255222318,-0.08997884961782503,0.0012289248428731527,-0.003899347671419899,0.005426603210402376,,,,0.8728432656977676,1.0,0.11279901496706991,0.001153015281235805,-0.0015508783572947534,0.0032699904845969363,-0.0009439245516285104,0.003800501882156804,-5.186015932621134e-05,-0.0005433417446332202
category_missing_fraction,-0.002975658523361347,,-0.004927875755190094,-0.0017426619437706512,-0.7879630426157239,-0.005779321759490659,-0.018852609757421368,-0.001175450138619867,,-0.014253466228688996,-0.017664502381014146,0.09798691908695112,0.11279901496706991,1.0,-0.007620191409679045,-0.006801230082644242,-0.0019578013748287365,-0.01514317470973884,0.00237876350479546,-0.00043558604207417673,0.0027353533395097322
distance_km_max,-0.012115221004047775,,-0.002770434290675983,0.00793167978267753,0.008570866683175055,0.08329190058785609,0.33129996790715815,0.1969270846915882,,-0.006415601927477511,-0.011392604837021545,0.0025382007310606695,0.001153015281235805,-0.007620191409679045,1.0,,0.5683132495967743,0.09279038958842159,0.007853745236428478,-0.00022309787142153146,0.395665909737189
distance_missing_fraction,-0.00195383675888345,,0.002278873058953429,0.0010851329830525334,0.004716034224976211,-0.010514534395630779,0.004513545485986867,0.007459179368545994,,-0.009574315028242424,-0.01930015478883728,-0.0017768119641215629,-0.0015508783572947534,-0.006801230082644242,,1.0,0.023189363127244927,0.005076345172913984,-0.0038451455237418926,-0.0003876818901572768,0.005143994473158362
interstate_share,-0.012114473249939795,,-0.009250260529973055,-0.0022946956283378082,0.002053474863597308,0.06517040955783229,0.26466399702602444,0.1697045348063693,,-0.0015102594005588312,-0.012287350359970538,0.004156519765307157,0.0032699904845969363,-0.0019578013748287365,0.5683132495967743,0.023189363127244927,1.0,0.07545451970266603,0.007102711799544456,0.0026967343406675685,0.3636999581140507
payment_installments_max,0.06985325400066725,,0.07367935435945866,0.06141283751500279,0.04153538891348394,0.3126775127945089,0.20961609669863762,-0.18732343862588807,,0.19297021628259492,0.17500329084586488,0.0036229625795625624,-0.0009439245516285104,-0.01514317470973884,0.09279038958842159,0.005076345172913984,0.07545451970266603,1.0,-0.04004763563442883,,0.053567693687580145
n_payment_methods,-0.006251226141099894,,0.002181803272415939,0.006719330061048455,-0.001414953243985112,-0.007125210813668579,-0.0017002914348539044,0.00885493712026276,,-0.005164714831775197,-0.0011909649307635854,0.0027155255660975324,0.003800501882156804,0.00237876350479546,0.007853745236428478,-0.0038451455237418926,0.007102711799544456,-0.04004763563442883,1.0,-0.024577869684731333,-0.0007856244284226963
payment_missing,0.012345310285037228,,-0.0006119424294818216,-0.0004092191878727548,0.00014398659269335086,-4.9442923182121804e-05,-0.002484947589927917,-0.0028129206223747845,,0.00046531672373142355,-0.0006092216275303487,-5.941520243585962e-05,-5.186015932621134e-05,-0.00043558604207417673,-0.00022309787142153146,-0.0003876818901572768,0.0026967343406675685,,-0.024577869684731333,1.0,0.01613226206505289
lead_days,-0.019826553189981718,,-0.031238274027842437,-0.04032500056984517,-0.019677690976882125,0.05377560308502635,0.17743214538557633,0.08331755253527103,,0.07549691125088147,0.06512447694161892,-0.0017084217670167087,-0.0005433417446332202,0.0027353533395097322,0.395665909737189,0.005143994473158362,0.3636999581140507,0.053567693687580145,-0.0007856244284226963,0.01613226206505289,1.0
